-- phpMyAdmin SQL Dump
-- version 5.2.1
-- https://www.phpmyadmin.net/
--
-- 主機： 127.0.0.1
-- 產生時間： 2025-03-24 03:47:05
-- 伺服器版本： 10.4.32-MariaDB
-- PHP 版本： 8.0.30

SET SQL_MODE = "NO_AUTO_VALUE_ON_ZERO";
START TRANSACTION;
SET time_zone = "+00:00";


/*!40101 SET @OLD_CHARACTER_SET_CLIENT=@@CHARACTER_SET_CLIENT */;
/*!40101 SET @OLD_CHARACTER_SET_RESULTS=@@CHARACTER_SET_RESULTS */;
/*!40101 SET @OLD_COLLATION_CONNECTION=@@COLLATION_CONNECTION */;
/*!40101 SET NAMES utf8mb4 */;

--
-- 資料庫： `mosquito`
--

-- --------------------------------------------------------

--
-- 資料表結構 `device`
--

CREATE TABLE `device` (
  `device_id` varchar(255) NOT NULL,
  `device_name` varchar(255) NOT NULL,
  `device_network` varchar(255) DEFAULT NULL,
  `device_address` varchar(255) DEFAULT NULL,
  `device_temperature` float DEFAULT NULL,
  `device_humidity` float DEFAULT NULL,
  `take_time` int(100) NOT NULL,
  `temp` int(11) NOT NULL,
  `take_photo` int(11) NOT NULL,
  `photo_take` int(11) NOT NULL
) ENGINE=InnoDB DEFAULT CHARSET=latin1 COLLATE=latin1_swedish_ci;

--
-- 傾印資料表的資料 `device`
--

INSERT INTO `device` (`device_id`, `device_name`, `device_network`, `device_address`, `device_temperature`, `device_humidity`, `take_time`, `temp`, `take_photo`, `photo_take`) VALUES
('A1', 'Device1', '0', '24.991,121.1447', NULL, NULL, 300, -1, 1, 0),
('A10', 'Device10', '1', '25.0017,121.2787', NULL, NULL, 500, 0, 0, 0),
('A11', 'Device11', '1', '24.9492,121.2497', NULL, NULL, 500, 0, 0, 0),
('A12', 'Device12', '1', '25.0624,121.1338', NULL, NULL, 500, 0, 0, 0),
('A13', 'Device13', '1', '24.9956,121.261', NULL, NULL, 500, 0, 0, 0),
('A14', 'Device14', '1', '24.9898,121.1424', NULL, NULL, 500, 0, 0, 0),
('A15', 'Device15', '1', '25.0274,121.157', NULL, NULL, 500, 0, 0, 0),
('A16', 'Device16', '1', '25.0765,121.2369', NULL, NULL, 500, 0, 0, 0),
('A17', 'Device17', '1', '24.9877,121.1265', NULL, NULL, 500, 0, 0, 0),
('A18', 'Device18', '1', '25.0534,121.1417', NULL, NULL, 500, 0, 0, 0),
('A19', 'Device19', '1', '25.0313,121.1952', NULL, NULL, 500, 0, 0, 0),
('A2', 'Device2', '1', '25.0129,121.2165', NULL, NULL, 333, 0, 1, 0),
('A20', 'Device20', '1', '24.9781,121.1458', NULL, NULL, 500, 0, 0, 0),
('A21', 'Device21', '1', '24.9541,121.2647', NULL, NULL, 500, 0, 0, 0),
('A22', 'Device22', '1', '24.9727,121.2267', NULL, NULL, 500, 0, 0, 0),
('A23', 'Device23', '1', '24.9461,121.1843', NULL, NULL, 500, 0, 0, 0),
('A24', 'Device24', '1', '24.9858,121.1351', NULL, NULL, 500, 0, 0, 0),
('A25', 'Device25', '1', '25.0,121.1694', NULL, NULL, 500, 0, 0, 0),
('A26', 'Device26', '1', '25.0585,121.2002', NULL, NULL, 500, 0, 0, 0),
('A27', 'Device27', '1', '24.9829,121.1841', NULL, NULL, 500, 0, 0, 0),
('A28', 'Device28', '1', '25.0379,121.1304', NULL, NULL, 500, 0, 0, 0),
('A29', 'Device29', '1', '25.0303,121.2092', NULL, NULL, 400, -1, 0, 0),
('A3', 'Device3', '1', '25.0197,121.1727', NULL, NULL, 333, 0, 0, 0),
('A30', 'Device30', '1', '24.9919,121.1232', NULL, NULL, 500, 0, 0, 0),
('A31', 'Device31', '1', '24.9963,121.1348', NULL, NULL, 500, 0, 0, 0),
('A4', 'Device4', '1', '25.0701,121.1881', NULL, NULL, 333, 0, 0, 0),
('A5', 'Device5', '1', '25.0695,121.2789', NULL, NULL, 333, 0, 0, 0),
('A6', 'Device6', '1', '24.9481,121.1466', NULL, NULL, 30, 0, 0, 0),
('A7', 'Device7', '1', '25.0421,121.1218', NULL, NULL, 333, 0, 0, 0),
('A8', 'Device8', '1', '24.9534,121.274', NULL, NULL, 500, 0, 0, 0),
('A9', 'Device9', '1', '25.0328,121.1986', NULL, NULL, 500, 0, 0, 0);

-- --------------------------------------------------------

--
-- 資料表結構 `mosquito`
--

CREATE TABLE `mosquito` (
  `mosquito_id` varchar(255) NOT NULL,
  `mosquito_name` varchar(255) NOT NULL
) ENGINE=InnoDB DEFAULT CHARSET=latin1 COLLATE=latin1_swedish_ci;

--
-- 傾印資料表的資料 `mosquito`
--

INSERT INTO `mosquito` (`mosquito_id`, `mosquito_name`) VALUES
('0', 'H'),
('1', 'IG'),
('2', 'W'),
('3', 'WH'),
('4', 'GR');

-- --------------------------------------------------------

--
-- 資料表結構 `photo`
--

CREATE TABLE `photo` (
  `photo_id` varchar(255) NOT NULL,
  `photo_address` varchar(255) DEFAULT NULL,
  `photo_location` varchar(255) DEFAULT NULL,
  `photo_time` varchar(255) DEFAULT NULL,
  `photo_storage` varchar(255) DEFAULT NULL,
  `device_id` varchar(255) DEFAULT NULL,
  `msg` varchar(10) NOT NULL,
  `count` int(20) NOT NULL
) ENGINE=InnoDB DEFAULT CHARSET=latin1 COLLATE=latin1_swedish_ci;

--
-- 傾印資料表的資料 `photo`
--

INSERT INTO `photo` (`photo_id`, `photo_address`, `photo_location`, `photo_time`, `photo_storage`, `device_id`, `msg`, `count`) VALUES
('0', '24.991,121.1447', 'Taoyuan', '20250108020233', 'uploads/Device1/20250108020233/detected_B6.jpg', 'A1', '1', 5),
('1', '24.991,121.1447', 'Taoyuan', '20250108050233', 'uploads/Device1/20250108050233/detected_B7.jpg', 'A1', '1', 6),
('10', '24.947,121.1492', 'Taoyuan', '20250105134529', 'uploads/Device2/20250105134529/detected_B8.jpg', 'A2', '1', 6),
('100', '24.9877,121.1265', 'Taoyuan', '20250110154000', 'uploads/Device17/20250110154000/detected_B8.jpg', 'A17', '0', 6),
('101', '25.0534,121.1417', 'Taoyuan', '20250105014529', 'uploads/Device18/20250105014529/detected_B3.jpg', 'A18', '0', 2),
('102', '25.0534,121.1417', 'Taoyuan', '20250105044529', 'uploads/Device18/20250105044529/detected_B4.jpg', 'A18', '0', 3),
('103', '25.0534,121.1417', 'Taoyuan', '20250105074529', 'uploads/Device18/20250105074529/detected_B5.jpg', 'A18', '0', 4),
('104', '25.0534,121.1417', 'Taoyuan', '20250105104529', 'uploads/Device18/20250105104529/detected_B6.jpg', 'A18', '0', 5),
('105', '25.0534,121.1417', 'Taoyuan', '20250105134529', 'uploads/Device18/20250105134529/detected_B7.jpg', 'A18', '0', 6),
('106', '25.0534,121.1417', 'Taoyuan', '20250105164529', 'uploads/Device18/20250105164529/detected_B8.jpg', 'A18', '0', 6),
('107', '25.0313,121.1952', 'Taoyuan', '20250105014529', 'uploads/Device19/20250105014529/detected_B1.jpg', 'A19', '0', 0),
('108', '25.0313,121.1952', 'Taoyuan', '20250105044529', 'uploads/Device19/20250105044529/detected_B2.jpg', 'A19', '0', 1),
('109', '25.0313,121.1952', 'Taoyuan', '20250105074529', 'uploads/Device19/20250105074529/detected_B3.jpg', 'A19', '0', 2),
('11', '24.947,121.1492', 'Taoyuan', '20250105164529', 'uploads/Device2/20250105164529/detected_B9.jpg', 'A2', '1', 7),
('110', '25.0313,121.1952', 'Taoyuan', '20250105104529', 'uploads/Device19/20250105104529/detected_B4.jpg', 'A19', '0', 3),
('111', '25.0313,121.1952', 'Taoyuan', '20250105134529', 'uploads/Device19/20250105134529/detected_B5.jpg', 'A19', '0', 4),
('112', '25.0313,121.1952', 'Taoyuan', '20250105164529', 'uploads/Device19/20250105164529/detected_B6.jpg', 'A19', '0', 5),
('113', '24.9781,121.1458', 'Taoyuan', '20250105014529', 'uploads/Device20/20250105014529/detected_B8.jpg', 'A20', '0', 6),
('114', '24.9781,121.1458', 'Taoyuan', '20250105044529', 'uploads/Device20/20250105044529/detected_B9.jpg', 'A20', '0', 7),
('115', '24.9781,121.1458', 'Taoyuan', '20250105074529', 'uploads/Device20/20250105074529/detected_B10.jpg', 'A20', '0', 8),
('116', '24.9781,121.1458', 'Taoyuan', '20250105104529', 'uploads/Device20/20250105104529/detected_B11.jpg', 'A20', '0', 9),
('117', '24.9781,121.1458', 'Taoyuan', '20250105134529', 'uploads/Device20/20250105134529/detected_B12.jpg', 'A20', '0', 10),
('118', '24.9781,121.1458', 'Taoyuan', '20250105164529', 'uploads/Device20/20250105164529/detected_B13.jpg', 'A20', '0', 11),
('119', '24.9541,121.2647', 'Taoyuan', '20250107052521', 'uploads/Device21/20250107052521/detected_B3.jpg', 'A21', '0', 2),
('12', '25.0197,121.1727', 'Taoyuan', '20250110004000', 'uploads/Device3/20250110004000/detected_B3.jpg', 'A3', '0', 2),
('120', '24.9541,121.2647', 'Taoyuan', '20250107082521', 'uploads/Device21/20250107082521/detected_B4.jpg', 'A21', '0', 3),
('121', '24.9541,121.2647', 'Taoyuan', '20250107112521', 'uploads/Device21/20250107112521/detected_B5.jpg', 'A21', '0', 4),
('122', '24.9541,121.2647', 'Taoyuan', '20250107142521', 'uploads/Device21/20250107142521/detected_B6.jpg', 'A21', '0', 5),
('123', '24.9541,121.2647', 'Taoyuan', '20250107172521', 'uploads/Device21/20250107172521/detected_B7.jpg', 'A21', '0', 6),
('124', '24.9541,121.2647', 'Taoyuan', '20250107202521', 'uploads/Device21/20250107202521/detected_B8.jpg', 'A21', '0', 6),
('125', '24.9727,121.2267', 'Taoyuan', '20250107052521', 'uploads/Device22/20250107052521/detected_B3.jpg', 'A22', '0', 2),
('126', '24.9727,121.2267', 'Taoyuan', '20250107082521', 'uploads/Device22/20250107082521/detected_B4.jpg', 'A22', '0', 3),
('127', '24.9727,121.2267', 'Taoyuan', '20250107112521', 'uploads/Device22/20250107112521/detected_B5.jpg', 'A22', '0', 4),
('128', '24.9727,121.2267', 'Taoyuan', '20250107142521', 'uploads/Device22/20250107142521/detected_B6.jpg', 'A22', '0', 5),
('129', '24.9727,121.2267', 'Taoyuan', '20250107172521', 'uploads/Device22/20250107172521/detected_B7.jpg', 'A22', '0', 6),
('13', '25.0197,121.1727', 'Taoyuan', '20250110034000', 'uploads/Device3/20250110034000/detected_B4.jpg', 'A3', '0', 3),
('130', '24.9727,121.2267', 'Taoyuan', '20250107202521', 'uploads/Device22/20250107202521/detected_B8.jpg', 'A22', '0', 6),
('131', '24.9461,121.1843', 'Taoyuan', '20250107052521', 'uploads/Device23/20250107052521/detected_B1.jpg', 'A23', '0', 0),
('132', '24.9461,121.1843', 'Taoyuan', '20250107082521', 'uploads/Device23/20250107082521/detected_B2.jpg', 'A23', '0', 1),
('133', '24.9461,121.1843', 'Taoyuan', '20250107112521', 'uploads/Device23/20250107112521/detected_B3.jpg', 'A23', '0', 2),
('134', '24.9461,121.1843', 'Taoyuan', '20250107142521', 'uploads/Device23/20250107142521/detected_B4.jpg', 'A23', '0', 3),
('135', '24.9461,121.1843', 'Taoyuan', '20250107172521', 'uploads/Device23/20250107172521/detected_B5.jpg', 'A23', '0', 4),
('136', '24.9461,121.1843', 'Taoyuan', '20250107202521', 'uploads/Device23/20250107202521/detected_B6.jpg', 'A23', '0', 5),
('137', '24.9858,121.1351', 'Taoyuan', '20250108020233', 'uploads/Device24/20250108020233/detected_B3.jpg', 'A24', '0', 2),
('138', '24.9858,121.1351', 'Taoyuan', '20250108050233', 'uploads/Device24/20250108050233/detected_B4.jpg', 'A24', '0', 3),
('139', '24.9858,121.1351', 'Taoyuan', '20250108080233', 'uploads/Device24/20250108080233/detected_B5.jpg', 'A24', '0', 4),
('14', '25.0197,121.1727', 'Taoyuan', '20250110064000', 'uploads/Device3/20250110064000/detected_B5.jpg', 'A3', '0', 4),
('140', '24.9858,121.1351', 'Taoyuan', '20250108110233', 'uploads/Device24/20250108110233/detected_B6.jpg', 'A24', '0', 5),
('141', '24.9858,121.1351', 'Taoyuan', '20250108140233', 'uploads/Device24/20250108140233/detected_B7.jpg', 'A24', '0', 6),
('142', '24.9858,121.1351', 'Taoyuan', '20250108170233', 'uploads/Device24/20250108170233/detected_B8.jpg', 'A24', '0', 6),
('143', '25.0,121.1694', 'Taoyuan', '20250108020233', 'uploads/Device25/20250108020233/detected_B4.jpg', 'A25', '0', 3),
('144', '25.0,121.1694', 'Taoyuan', '20250108050233', 'uploads/Device25/20250108050233/detected_B5.jpg', 'A25', '0', 4),
('145', '25.0,121.1694', 'Taoyuan', '20250108080233', 'uploads/Device25/20250108080233/detected_B6.jpg', 'A25', '0', 5),
('146', '25.0,121.1694', 'Taoyuan', '20250108110233', 'uploads/Device25/20250108110233/detected_B7.jpg', 'A25', '0', 6),
('147', '25.0,121.1694', 'Taoyuan', '20250108140233', 'uploads/Device25/20250108140233/detected_B8.jpg', 'A25', '0', 6),
('148', '25.0,121.1694', 'Taoyuan', '20250108170233', 'uploads/Device25/20250108170233/detected_B9.jpg', 'A25', '0', 7),
('149', '25.0585,121.2002', 'Taoyuan', '20250107052521', 'uploads/Device26/20250107052521/detected_B8.jpg', 'A26', '0', 6),
('15', '25.0197,121.1727', 'Taoyuan', '20250110094000', 'uploads/Device3/20250110094000/detected_B6.jpg', 'A3', '0', 5),
('150', '25.0585,121.2002', 'Taoyuan', '20250107082521', 'uploads/Device26/20250107082521/detected_B9.jpg', 'A26', '0', 7),
('151', '25.0585,121.2002', 'Taoyuan', '20250107112521', 'uploads/Device26/20250107112521/detected_B10.jpg', 'A26', '0', 8),
('152', '25.0585,121.2002', 'Taoyuan', '20250107142521', 'uploads/Device26/20250107142521/detected_B11.jpg', 'A26', '0', 9),
('153', '25.0585,121.2002', 'Taoyuan', '20250107172521', 'uploads/Device26/20250107172521/detected_B12.jpg', 'A26', '0', 10),
('154', '25.0585,121.2002', 'Taoyuan', '20250107202521', 'uploads/Device26/20250107202521/detected_B13.jpg', 'A26', '0', 11),
('155', '24.9829,121.1841', 'Taoyuan', '20241231035959', 'uploads/Device27/20241231035959/detected_B1.jpg', 'A27', '0', 0),
('156', '24.9829,121.1841', 'Taoyuan', '20241231065959', 'uploads/Device27/20241231065959/detected_B2.jpg', 'A27', '0', 1),
('157', '24.9829,121.1841', 'Taoyuan', '20241231095959', 'uploads/Device27/20241231095959/detected_B3.jpg', 'A27', '0', 2),
('158', '24.9829,121.1841', 'Taoyuan', '20241231125959', 'uploads/Device27/20241231125959/detected_B4.jpg', 'A27', '0', 3),
('159', '24.9829,121.1841', 'Taoyuan', '20241231155959', 'uploads/Device27/20241231155959/detected_B5.jpg', 'A27', '0', 4),
('16', '25.0197,121.1727', 'Taoyuan', '20250110124000', 'uploads/Device3/20250110124000/detected_B7.jpg', 'A3', '0', 6),
('160', '24.9829,121.1841', 'Taoyuan', '20241231185959', 'uploads/Device27/20241231185959/detected_B6.jpg', 'A27', '0', 5),
('161', '25.0379,121.1304', 'Taoyuan', '20250105014529', 'uploads/Device28/20250105014529/detected_B8.jpg', 'A28', '0', 6),
('162', '25.0379,121.1304', 'Taoyuan', '20250105044529', 'uploads/Device28/20250105044529/detected_B9.jpg', 'A28', '0', 7),
('163', '25.0379,121.1304', 'Taoyuan', '20250105074529', 'uploads/Device28/20250105074529/detected_B10.jpg', 'A28', '0', 8),
('164', '25.0379,121.1304', 'Taoyuan', '20250105104529', 'uploads/Device28/20250105104529/detected_B11.jpg', 'A28', '0', 9),
('165', '25.0379,121.1304', 'Taoyuan', '20250105134529', 'uploads/Device28/20250105134529/detected_B12.jpg', 'A28', '0', 10),
('166', '25.0379,121.1304', 'Taoyuan', '20250105164529', 'uploads/Device28/20250105164529/detected_B13.jpg', 'A28', '0', 11),
('167', '25.0303,121.2092', 'Taoyuan', '20250107052521', 'uploads/Device29/20250107052521/detected_B8.jpg', 'A29', '1', 6),
('168', '25.0303,121.2092', 'Taoyuan', '20250107082521', 'uploads/Device29/20250107082521/detected_B9.jpg', 'A29', '1', 7),
('169', '25.0303,121.2092', 'Taoyuan', '20250107112521', 'uploads/Device29/20250107112521/detected_B10.jpg', 'A29', '1', 8),
('17', '25.0197,121.1727', 'Taoyuan', '20250110154000', 'uploads/Device3/20250110154000/detected_B8.jpg', 'A3', '0', 6),
('170', '25.0303,121.2092', 'Taoyuan', '20250107142521', 'uploads/Device29/20250107142521/detected_B11.jpg', 'A29', '1', 9),
('171', '25.0303,121.2092', 'Taoyuan', '20250107172521', 'uploads/Device29/20250107172521/detected_B12.jpg', 'A29', '1', 10),
('172', '25.0303,121.2092', 'Taoyuan', '20250107202521', 'uploads/Device29/20250107202521/detected_B13.jpg', 'A29', '1', 11),
('173', '24.9919,121.1232', 'Taoyuan', '20250110004000', 'uploads/Device30/20250110004000/detected_B1.jpg', 'A30', '1', 0),
('174', '24.9919,121.1232', 'Taoyuan', '20250110034000', 'uploads/Device30/20250110034000/detected_B2.jpg', 'A30', '1', 1),
('175', '24.9919,121.1232', 'Taoyuan', '20250110064000', 'uploads/Device30/20250110064000/detected_B3.jpg', 'A30', '1', 2),
('176', '24.9919,121.1232', 'Taoyuan', '20250110094000', 'uploads/Device30/20250110094000/detected_B4.jpg', 'A30', '1', 3),
('177', '24.9919,121.1232', 'Taoyuan', '20250110124000', 'uploads/Device30/20250110124000/detected_B5.jpg', 'A30', '1', 4),
('178', '24.9919,121.1232', 'Taoyuan', '20250110154000', 'uploads/Device30/20250110154000/detected_B6.jpg', 'A30', '1', 5),
('179', '25.0129,121.2165', 'Taoyuan', '20250103174529', 'uploads/Device2/20250103174529/detected_A2.jpg', 'A2', '1', 3),
('18', '25.0701,121.1881', 'Taoyuan', '20250107052521', 'uploads/Device4/20250107052521/detected_B7.jpg', 'A4', '1', 6),
('180', '25.0418,121.2612', 'Taoyuan', '20250222203949', 'uploads/Device31/20250222203949/detected_A4.jpg', 'A31', '1', 1),
('181', '25.0607,121.204', 'Taoyuan', '20250222204141', 'uploads/Device31/20250222204141/detected_A2.jpg', 'A31', '1', 3),
('182', '25.0074,121.2066', 'Taoyuan', '20250222204206', 'uploads/Device31/20250222204206/detected_A3.jpg', 'A31', '1', 5),
('183', '25.0665,121.2255', 'Taoyuan', '20250222204315', 'uploads/Device31/20250222204315/detected_A2.jpg', 'A31', '1', 3),
('184', '24.981,121.2123', 'Taoyuan', '20250222204353', 'uploads/Device31/20250222204353/detected_A2.jpg', 'A31', '1', 3),
('185', '25.061,121.1716', 'Taoyuan', '20250222204430', 'uploads/Device31/20250222204430/detected_A3.jpg', 'A31', '1', 5),
('186', '24.9389,121.1259', 'Taoyuan', '20250222221856', 'uploads/Device31/20250222221856/detected_A3.jpg', 'A31', '1', 5),
('187', '24.9714,121.1711', 'Taoyuan', '20250310231924', 'uploads/Device31/20250310231924/detected_A3.jpg', 'A31', '1', 5),
('188', '24.964,121.2448', 'Taoyuan', '20250310234002', 'uploads/Device31/20250310234002/detected_A5.jpg', 'A31', '1', 9),
('189', '25.025,121.2618', 'Taoyuan', '20250310234828', 'uploads/Device31/20250310234828/detected_A3.jpg', 'A31', '1', 5),
('19', '25.0701,121.1881', 'Taoyuan', '20250107082521', 'uploads/Device4/20250107082521/detected_B8.jpg', 'A4', '1', 6),
('190', '24.9963,121.1348', 'Taoyuan', '20250311001509', 'uploads/Device31/20250311001509/detected_A3.jpg', 'A31', '1', 5),
('2', '24.991,121.1447', 'Taoyuan', '20250108080233', 'uploads/Device1/20250108080233/detected_B8.jpg', 'A1', '1', 6),
('20', '25.0701,121.1881', 'Taoyuan', '20250107112521', 'uploads/Device4/20250107112521/detected_B9.jpg', 'A4', '1', 7),
('21', '25.0701,121.1881', 'Taoyuan', '20250107142521', 'uploads/Device4/20250107142521/detected_B10.jpg', 'A4', '1', 8),
('22', '25.0701,121.1881', 'Taoyuan', '20250107172521', 'uploads/Device4/20250107172521/detected_B11.jpg', 'A4', '1', 9),
('23', '25.0701,121.1881', 'Taoyuan', '20250107202521', 'uploads/Device4/20250107202521/detected_B12.jpg', 'A4', '1', 10),
('24', '25.0695,121.2789', 'Taoyuan', '20250108020233', 'uploads/Device5/20250108020233/detected_B2.jpg', 'A5', '1', 1),
('25', '25.0695,121.2789', 'Taoyuan', '20250108050233', 'uploads/Device5/20250108050233/detected_B3.jpg', 'A5', '1', 2),
('26', '25.0695,121.2789', 'Taoyuan', '20250108080233', 'uploads/Device5/20250108080233/detected_B4.jpg', 'A5', '1', 3),
('27', '25.0695,121.2789', 'Taoyuan', '20250108110233', 'uploads/Device5/20250108110233/detected_B5.jpg', 'A5', '1', 4),
('28', '25.0695,121.2789', 'Taoyuan', '20250108140233', 'uploads/Device5/20250108140233/detected_B6.jpg', 'A5', '1', 5),
('29', '25.0695,121.2789', 'Taoyuan', '20250108170233', 'uploads/Device5/20250108170233/detected_B7.jpg', 'A5', '1', 6),
('3', '24.991,121.1447', 'Taoyuan', '20250108110233', 'uploads/Device1/20250108110233/detected_B9.jpg', 'A1', '1', 7),
('30', '24.9481,121.1466', 'Taoyuan', '20250107052521', 'uploads/Device6/20250107052521/detected_B4.jpg', 'A6', '1', 3),
('31', '24.9481,121.1466', 'Taoyuan', '20250107082521', 'uploads/Device6/20250107082521/detected_B5.jpg', 'A6', '1', 4),
('32', '24.9481,121.1466', 'Taoyuan', '20250107112521', 'uploads/Device6/20250107112521/detected_B6.jpg', 'A6', '1', 5),
('33', '24.9481,121.1466', 'Taoyuan', '20250107142521', 'uploads/Device6/20250107142521/detected_B7.jpg', 'A6', '1', 6),
('34', '24.9481,121.1466', 'Taoyuan', '20250107172521', 'uploads/Device6/20250107172521/detected_B8.jpg', 'A6', '1', 6),
('35', '24.9481,121.1466', 'Taoyuan', '20250107202521', 'uploads/Device6/20250107202521/detected_B9.jpg', 'A6', '1', 7),
('36', '25.0421,121.1218', 'Taoyuan', '20241231035959', 'uploads/Device7/20241231035959/detected_B3.jpg', 'A7', '0', 2),
('37', '25.0421,121.1218', 'Taoyuan', '20241231065959', 'uploads/Device7/20241231065959/detected_B4.jpg', 'A7', '0', 3),
('38', '25.0421,121.1218', 'Taoyuan', '20241231095959', 'uploads/Device7/20241231095959/detected_B5.jpg', 'A7', '0', 4),
('39', '25.0421,121.1218', 'Taoyuan', '20241231125959', 'uploads/Device7/20241231125959/detected_B6.jpg', 'A7', '0', 5),
('4', '24.991,121.1447', 'Taoyuan', '20250108140233', 'uploads/Device1/20250108140233/detected_B10.jpg', 'A1', '1', 8),
('40', '25.0421,121.1218', 'Taoyuan', '20241231155959', 'uploads/Device7/20241231155959/detected_B7.jpg', 'A7', '0', 6),
('41', '25.0421,121.1218', 'Taoyuan', '20241231185959', 'uploads/Device7/20241231185959/detected_B8.jpg', 'A7', '0', 6),
('42', '24.9534,121.274', 'Taoyuan', '20250107052521', 'uploads/Device8/20250107052521/detected_B4.jpg', 'A8', '0', 3),
('43', '24.9534,121.274', 'Taoyuan', '20250107082521', 'uploads/Device8/20250107082521/detected_B5.jpg', 'A8', '0', 4),
('44', '24.9534,121.274', 'Taoyuan', '20250107112521', 'uploads/Device8/20250107112521/detected_B6.jpg', 'A8', '0', 5),
('45', '24.9534,121.274', 'Taoyuan', '20250107142521', 'uploads/Device8/20250107142521/detected_B7.jpg', 'A8', '0', 6),
('46', '24.9534,121.274', 'Taoyuan', '20250107172521', 'uploads/Device8/20250107172521/detected_B8.jpg', 'A8', '0', 6),
('47', '24.9534,121.274', 'Taoyuan', '20250107202521', 'uploads/Device8/20250107202521/detected_B9.jpg', 'A8', '0', 7),
('48', '25.0328,121.1986', 'Taoyuan', '20250105014529', 'uploads/Device9/20250105014529/detected_B7.jpg', 'A9', '0', 6),
('49', '25.0328,121.1986', 'Taoyuan', '20250105044529', 'uploads/Device9/20250105044529/detected_B8.jpg', 'A9', '0', 6),
('5', '24.991,121.1447', 'Taoyuan', '20250108170233', 'uploads/Device1/20250108170233/detected_B11.jpg', 'A1', '1', 9),
('50', '25.0328,121.1986', 'Taoyuan', '20250105074529', 'uploads/Device9/20250105074529/detected_B9.jpg', 'A9', '0', 7),
('51', '25.0328,121.1986', 'Taoyuan', '20250105104529', 'uploads/Device9/20250105104529/detected_B10.jpg', 'A9', '0', 8),
('52', '25.0328,121.1986', 'Taoyuan', '20250105134529', 'uploads/Device9/20250105134529/detected_B11.jpg', 'A9', '0', 9),
('53', '25.0328,121.1986', 'Taoyuan', '20250105164529', 'uploads/Device9/20250105164529/detected_B12.jpg', 'A9', '0', 10),
('54', '25.0017,121.2787', 'Taoyuan', '20250105014529', 'uploads/Device10/20250105014529/detected_B4.jpg', 'A10', '0', 3),
('55', '25.0017,121.2787', 'Taoyuan', '20250105044529', 'uploads/Device10/20250105044529/detected_B5.jpg', 'A10', '0', 4),
('56', '25.0017,121.2787', 'Taoyuan', '20250105074529', 'uploads/Device10/20250105074529/detected_B6.jpg', 'A10', '0', 5),
('57', '25.0017,121.2787', 'Taoyuan', '20250105104529', 'uploads/Device10/20250105104529/detected_B7.jpg', 'A10', '0', 6),
('58', '25.0017,121.2787', 'Taoyuan', '20250105134529', 'uploads/Device10/20250105134529/detected_B8.jpg', 'A10', '0', 6),
('59', '25.0017,121.2787', 'Taoyuan', '20250105164529', 'uploads/Device10/20250105164529/detected_B9.jpg', 'A10', '0', 7),
('6', '24.947,121.1492', 'Taoyuan', '20250105014529', 'uploads/Device2/20250105014529/detected_B4.jpg', 'A2', '1', 3),
('60', '24.9492,121.2497', 'Taoyuan', '20250105014529', 'uploads/Device11/20250105014529/detected_B6.jpg', 'A11', '0', 5),
('61', '24.9492,121.2497', 'Taoyuan', '20250105044529', 'uploads/Device11/20250105044529/detected_B7.jpg', 'A11', '0', 6),
('62', '24.9492,121.2497', 'Taoyuan', '20250105074529', 'uploads/Device11/20250105074529/detected_B8.jpg', 'A11', '0', 6),
('63', '24.9492,121.2497', 'Taoyuan', '20250105104529', 'uploads/Device11/20250105104529/detected_B9.jpg', 'A11', '0', 7),
('64', '24.9492,121.2497', 'Taoyuan', '20250105134529', 'uploads/Device11/20250105134529/detected_B10.jpg', 'A11', '0', 8),
('65', '24.9492,121.2497', 'Taoyuan', '20250105164529', 'uploads/Device11/20250105164529/detected_B11.jpg', 'A11', '0', 9),
('66', '25.0624,121.1338', 'Taoyuan', '20250105014529', 'uploads/Device12/20250105014529/detected_B5.jpg', 'A12', '0', 4),
('67', '25.0624,121.1338', 'Taoyuan', '20250105044529', 'uploads/Device12/20250105044529/detected_B6.jpg', 'A12', '0', 5),
('68', '25.0624,121.1338', 'Taoyuan', '20250105074529', 'uploads/Device12/20250105074529/detected_B7.jpg', 'A12', '0', 6),
('69', '25.0624,121.1338', 'Taoyuan', '20250105104529', 'uploads/Device12/20250105104529/detected_B8.jpg', 'A12', '0', 6),
('7', '24.947,121.1492', 'Taoyuan', '20250105044529', 'uploads/Device2/20250105044529/detected_B5.jpg', 'A2', '1', 4),
('70', '25.0624,121.1338', 'Taoyuan', '20250105134529', 'uploads/Device12/20250105134529/detected_B9.jpg', 'A12', '0', 7),
('71', '24.9956,121.261', 'Taoyuan', '20250105014529', 'uploads/Device13/20250105014529/detected_B5.jpg', 'A13', '0', 4),
('72', '24.9956,121.261', 'Taoyuan', '20250105044529', 'uploads/Device13/20250105044529/detected_B6.jpg', 'A13', '0', 5),
('73', '24.9956,121.261', 'Taoyuan', '20250105074529', 'uploads/Device13/20250105074529/detected_B7.jpg', 'A13', '0', 6),
('74', '24.9956,121.261', 'Taoyuan', '20250105104529', 'uploads/Device13/20250105104529/detected_B8.jpg', 'A13', '0', 6),
('75', '24.9956,121.261', 'Taoyuan', '20250105134529', 'uploads/Device13/20250105134529/detected_B9.jpg', 'A13', '0', 7),
('76', '24.9956,121.261', 'Taoyuan', '20250105164529', 'uploads/Device13/20250105164529/detected_B10.jpg', 'A13', '0', 8),
('77', '24.9898,121.1424', 'Taoyuan', '20250107052521', 'uploads/Device14/20250107052521/detected_B2.jpg', 'A14', '0', 1),
('78', '24.9898,121.1424', 'Taoyuan', '20250107082521', 'uploads/Device14/20250107082521/detected_B3.jpg', 'A14', '0', 2),
('79', '24.9898,121.1424', 'Taoyuan', '20250107112521', 'uploads/Device14/20250107112521/detected_B4.jpg', 'A14', '0', 3),
('8', '24.947,121.1492', 'Taoyuan', '20250105074529', 'uploads/Device2/20250105074529/detected_B6.jpg', 'A2', '1', 5),
('80', '24.9898,121.1424', 'Taoyuan', '20250107142521', 'uploads/Device14/20250107142521/detected_B5.jpg', 'A14', '0', 4),
('81', '24.9898,121.1424', 'Taoyuan', '20250107172521', 'uploads/Device14/20250107172521/detected_B6.jpg', 'A14', '0', 5),
('82', '24.9898,121.1424', 'Taoyuan', '20250107202521', 'uploads/Device14/20250107202521/detected_B7.jpg', 'A14', '0', 6),
('83', '25.0274,121.157', 'Taoyuan', '20250107052521', 'uploads/Device15/20250107052521/detected_B4.jpg', 'A15', '0', 3),
('84', '25.0274,121.157', 'Taoyuan', '20250107082521', 'uploads/Device15/20250107082521/detected_B5.jpg', 'A15', '0', 4),
('85', '25.0274,121.157', 'Taoyuan', '20250107112521', 'uploads/Device15/20250107112521/detected_B6.jpg', 'A15', '0', 5),
('86', '25.0274,121.157', 'Taoyuan', '20250107142521', 'uploads/Device15/20250107142521/detected_B7.jpg', 'A15', '0', 6),
('87', '25.0274,121.157', 'Taoyuan', '20250107172521', 'uploads/Device15/20250107172521/detected_B8.jpg', 'A15', '0', 6),
('88', '25.0274,121.157', 'Taoyuan', '20250107202521', 'uploads/Device15/20250107202521/detected_B9.jpg', 'A15', '0', 7),
('89', '25.0765,121.2369', 'Taoyuan', '20241231035959', 'uploads/Device16/20241231035959/detected_B1.jpg', 'A16', '0', 0),
('9', '24.947,121.1492', 'Taoyuan', '20250105104529', 'uploads/Device2/20250105104529/detected_B7.jpg', 'A2', '1', 6),
('90', '25.0765,121.2369', 'Taoyuan', '20241231065959', 'uploads/Device16/20241231065959/detected_B2.jpg', 'A16', '0', 1),
('91', '25.0765,121.2369', 'Taoyuan', '20241231095959', 'uploads/Device16/20241231095959/detected_B3.jpg', 'A16', '0', 2),
('92', '25.0765,121.2369', 'Taoyuan', '20241231125959', 'uploads/Device16/20241231125959/detected_B4.jpg', 'A16', '0', 3),
('93', '25.0765,121.2369', 'Taoyuan', '20241231155959', 'uploads/Device16/20241231155959/detected_B5.jpg', 'A16', '0', 4),
('94', '25.0765,121.2369', 'Taoyuan', '20241231185959', 'uploads/Device16/20241231185959/detected_B6.jpg', 'A16', '0', 5),
('95', '24.9877,121.1265', 'Taoyuan', '20250110004000', 'uploads/Device17/20250110004000/detected_B3.jpg', 'A17', '0', 2),
('96', '24.9877,121.1265', 'Taoyuan', '20250110034000', 'uploads/Device17/20250110034000/detected_B4.jpg', 'A17', '0', 3),
('97', '24.9877,121.1265', 'Taoyuan', '20250110064000', 'uploads/Device17/20250110064000/detected_B5.jpg', 'A17', '0', 4),
('98', '24.9877,121.1265', 'Taoyuan', '20250110094000', 'uploads/Device17/20250110094000/detected_B6.jpg', 'A17', '0', 5),
('99', '24.9877,121.1265', 'Taoyuan', '20250110124000', 'uploads/Device17/20250110124000/detected_B7.jpg', 'A17', '0', 6);

-- --------------------------------------------------------

--
-- 資料表結構 `refresh`
--

CREATE TABLE `refresh` (
  `device_id` varchar(255) NOT NULL,
  `refresh_time` datetime NOT NULL
) ENGINE=InnoDB DEFAULT CHARSET=latin1 COLLATE=latin1_swedish_ci;

-- --------------------------------------------------------

--
-- 資料表結構 `seg_photo`
--

CREATE TABLE `seg_photo` (
  `SP_id` int(30) NOT NULL,
  `photo_id` varchar(255) DEFAULT NULL,
  `mosquito_id` varchar(255) DEFAULT NULL,
  `SP_storage` varchar(255) DEFAULT NULL,
  `x1` float DEFAULT NULL,
  `y1` float DEFAULT NULL,
  `x2` float DEFAULT NULL,
  `y2` float DEFAULT NULL,
  `new` int(1) DEFAULT NULL
) ENGINE=InnoDB DEFAULT CHARSET=latin1 COLLATE=latin1_swedish_ci;

--
-- 傾印資料表的資料 `seg_photo`
--

INSERT INTO `seg_photo` (`SP_id`, `photo_id`, `mosquito_id`, `SP_storage`, `x1`, `y1`, `x2`, `y2`, `new`) VALUES
(1, '0', '4', 'GR_0', 1773, 1132, 1846, 1223, 1),
(2, '0', '4', 'GR_1', 907, 1211, 993, 1299, 1),
(3, '0', '4', 'GR_2', 1257, 814, 1325, 869, 1),
(4, '0', '4', 'GR_3', 1806, 734, 1882, 836, 1),
(5, '0', '4', 'GR_4', 1105, 989, 1164, 1050, 1),
(6, '1', '4', 'GR_0', 1257, 814, 1325, 869, 0),
(7, '1', '4', 'GR_1', 907, 1211, 993, 1299, 0),
(8, '1', '4', 'GR_2', 1806, 734, 1882, 837, 0),
(9, '1', '4', 'GR_3', 1774, 1132, 1846, 1223, 0),
(10, '1', '4', 'GR_4', 1531, 907, 1624, 1037, 1),
(11, '1', '4', 'GR_5', 1105, 991, 1163, 1049, 0),
(12, '2', '4', 'GR_0', 1257, 814, 1325, 869, 0),
(13, '2', '4', 'GR_1', 907, 1211, 993, 1299, 0),
(14, '2', '4', 'GR_2', 1806, 734, 1882, 837, 0),
(15, '2', '4', 'GR_3', 1774, 1132, 1846, 1223, 0),
(16, '2', '4', 'GR_4', 1531, 907, 1624, 1037, 0),
(17, '2', '4', 'GR_5', 1105, 991, 1163, 1049, 0),
(18, '3', '4', 'GR_0', 1257, 814, 1325, 869, 0),
(19, '3', '4', 'GR_1', 1806, 734, 1882, 837, 0),
(20, '3', '4', 'GR_2', 907, 1211, 993, 1299, 0),
(21, '3', '4', 'GR_3', 1774, 1132, 1846, 1223, 0),
(22, '3', '4', 'GR_4', 1531, 907, 1624, 1037, 0),
(23, '3', '4', 'GR_5', 1286, 1072, 1345, 1133, 1),
(24, '3', '4', 'GR_6', 1105, 991, 1163, 1049, 0),
(25, '4', '4', 'GR_0', 1774, 1132, 1846, 1223, 0),
(26, '4', '4', 'GR_1', 1257, 814, 1324, 869, 0),
(27, '4', '4', 'GR_2', 907, 1211, 993, 1299, 0),
(28, '4', '4', 'GR_3', 1806, 734, 1882, 837, 0),
(29, '4', '4', 'GR_4', 1286, 1072, 1345, 1134, 0),
(30, '4', '4', 'GR_5', 1416, 714, 1476, 763, 1),
(31, '4', '4', 'GR_6', 1531, 909, 1624, 1037, 0),
(32, '4', '4', 'GR_7', 1105, 990, 1163, 1050, 0),
(33, '5', '4', 'GR_0', 907, 1211, 993, 1299, 0),
(34, '5', '4', 'GR_1', 1257, 814, 1324, 868, 0),
(35, '5', '4', 'GR_2', 1806, 734, 1882, 837, 0),
(36, '5', '4', 'GR_3', 1774, 1132, 1846, 1223, 0),
(37, '5', '4', 'GR_4', 1416, 714, 1476, 763, 0),
(38, '5', '4', 'GR_5', 1107, 1228, 1194, 1314, 1),
(39, '5', '4', 'GR_6', 1286, 1072, 1345, 1133, 0),
(40, '5', '4', 'GR_7', 1105, 991, 1163, 1049, 0),
(41, '5', '4', 'GR_8', 1531, 908, 1625, 1037, 0),
(42, '6', '4', 'GR_0', 907, 1211, 993, 1299, 1),
(43, '6', '4', 'GR_1', 1257, 814, 1326, 869, 1),
(44, '6', '4', 'GR_2', 1105, 990, 1164, 1050, 1),
(45, '7', '4', 'GR_0', 906, 1211, 993, 1299, 0),
(46, '7', '4', 'GR_1', 1806, 734, 1882, 837, 1),
(47, '7', '4', 'GR_2', 1257, 814, 1326, 870, 0),
(48, '7', '4', 'GR_3', 1105, 990, 1164, 1050, 0),
(49, '8', '4', 'GR_0', 1773, 1132, 1846, 1223, 1),
(50, '8', '4', 'GR_1', 907, 1211, 993, 1299, 0),
(51, '8', '4', 'GR_2', 1257, 814, 1325, 869, 0),
(52, '8', '4', 'GR_3', 1806, 734, 1882, 836, 0),
(53, '8', '4', 'GR_4', 1105, 989, 1164, 1050, 0),
(54, '9', '4', 'GR_0', 1257, 814, 1325, 869, 0),
(55, '9', '4', 'GR_1', 907, 1211, 993, 1299, 0),
(56, '9', '4', 'GR_2', 1806, 734, 1882, 837, 0),
(57, '9', '4', 'GR_3', 1774, 1132, 1846, 1223, 0),
(58, '9', '4', 'GR_4', 1531, 907, 1624, 1037, 1),
(59, '9', '4', 'GR_5', 1105, 991, 1163, 1049, 0),
(60, '10', '4', 'GR_0', 1257, 814, 1325, 869, 0),
(61, '10', '4', 'GR_1', 907, 1211, 993, 1299, 0),
(62, '10', '4', 'GR_2', 1806, 734, 1882, 837, 0),
(63, '10', '4', 'GR_3', 1774, 1132, 1846, 1223, 0),
(64, '10', '4', 'GR_4', 1531, 907, 1624, 1037, 0),
(65, '10', '4', 'GR_5', 1105, 991, 1163, 1049, 0),
(66, '11', '4', 'GR_0', 1257, 814, 1325, 869, 0),
(67, '11', '4', 'GR_1', 1806, 734, 1882, 837, 0),
(68, '11', '4', 'GR_2', 907, 1211, 993, 1299, 0),
(69, '11', '4', 'GR_3', 1774, 1132, 1846, 1223, 0),
(70, '11', '4', 'GR_4', 1531, 907, 1624, 1037, 0),
(71, '11', '4', 'GR_5', 1286, 1072, 1345, 1133, 1),
(72, '11', '4', 'GR_6', 1105, 991, 1163, 1049, 0),
(73, '12', '4', 'GR_0', 906, 1211, 993, 1299, 1),
(74, '12', '4', 'GR_1', 1105, 990, 1164, 1050, 1),
(75, '13', '4', 'GR_0', 907, 1211, 993, 1299, 0),
(76, '13', '4', 'GR_1', 1257, 814, 1326, 869, 1),
(77, '13', '4', 'GR_2', 1105, 990, 1164, 1050, 0),
(78, '14', '4', 'GR_0', 906, 1211, 993, 1299, 0),
(79, '14', '4', 'GR_1', 1806, 734, 1882, 837, 1),
(80, '14', '4', 'GR_2', 1257, 814, 1326, 870, 0),
(81, '14', '4', 'GR_3', 1105, 990, 1164, 1050, 0),
(82, '15', '4', 'GR_0', 1773, 1132, 1846, 1223, 1),
(83, '15', '4', 'GR_1', 907, 1211, 993, 1299, 0),
(84, '15', '4', 'GR_2', 1257, 814, 1325, 869, 0),
(85, '15', '4', 'GR_3', 1806, 734, 1882, 836, 0),
(86, '15', '4', 'GR_4', 1105, 989, 1164, 1050, 0),
(87, '16', '4', 'GR_0', 1257, 814, 1325, 869, 0),
(88, '16', '4', 'GR_1', 907, 1211, 993, 1299, 0),
(89, '16', '4', 'GR_2', 1806, 734, 1882, 837, 0),
(90, '16', '4', 'GR_3', 1774, 1132, 1846, 1223, 0),
(91, '16', '4', 'GR_4', 1531, 907, 1624, 1037, 1),
(92, '16', '4', 'GR_5', 1105, 991, 1163, 1049, 0),
(93, '17', '4', 'GR_0', 1257, 814, 1325, 869, 0),
(94, '17', '4', 'GR_1', 907, 1211, 993, 1299, 0),
(95, '17', '4', 'GR_2', 1806, 734, 1882, 837, 0),
(96, '17', '4', 'GR_3', 1774, 1132, 1846, 1223, 0),
(97, '17', '4', 'GR_4', 1531, 907, 1624, 1037, 0),
(98, '17', '4', 'GR_5', 1105, 991, 1163, 1049, 0),
(99, '18', '4', 'GR_0', 1257, 814, 1325, 869, 1),
(100, '18', '4', 'GR_1', 907, 1211, 993, 1299, 1),
(101, '18', '4', 'GR_2', 1806, 734, 1882, 837, 1),
(102, '18', '4', 'GR_3', 1774, 1132, 1846, 1223, 1),
(103, '18', '4', 'GR_4', 1531, 907, 1624, 1037, 1),
(104, '18', '4', 'GR_5', 1105, 991, 1163, 1049, 1),
(105, '19', '4', 'GR_0', 1257, 814, 1325, 869, 0),
(106, '19', '4', 'GR_1', 907, 1211, 993, 1299, 0),
(107, '19', '4', 'GR_2', 1806, 734, 1882, 837, 0),
(108, '19', '4', 'GR_3', 1774, 1132, 1846, 1223, 0),
(109, '19', '4', 'GR_4', 1531, 907, 1624, 1037, 0),
(110, '19', '4', 'GR_5', 1105, 991, 1163, 1049, 0),
(111, '20', '4', 'GR_0', 1257, 814, 1325, 869, 0),
(112, '20', '4', 'GR_1', 1806, 734, 1882, 837, 0),
(113, '20', '4', 'GR_2', 907, 1211, 993, 1299, 0),
(114, '20', '4', 'GR_3', 1774, 1132, 1846, 1223, 0),
(115, '20', '4', 'GR_4', 1531, 907, 1624, 1037, 0),
(116, '20', '4', 'GR_5', 1286, 1072, 1345, 1133, 1),
(117, '20', '4', 'GR_6', 1105, 991, 1163, 1049, 0),
(118, '21', '4', 'GR_0', 1774, 1132, 1846, 1223, 0),
(119, '21', '4', 'GR_1', 1257, 814, 1324, 869, 0),
(120, '21', '4', 'GR_2', 907, 1211, 993, 1299, 0),
(121, '21', '4', 'GR_3', 1806, 734, 1882, 837, 0),
(122, '21', '4', 'GR_4', 1286, 1072, 1345, 1134, 0),
(123, '21', '4', 'GR_5', 1416, 714, 1476, 763, 1),
(124, '21', '4', 'GR_6', 1531, 909, 1624, 1037, 0),
(125, '21', '4', 'GR_7', 1105, 990, 1163, 1050, 0),
(126, '22', '4', 'GR_0', 907, 1211, 993, 1299, 0),
(127, '22', '4', 'GR_1', 1257, 814, 1324, 868, 0),
(128, '22', '4', 'GR_2', 1806, 734, 1882, 837, 0),
(129, '22', '4', 'GR_3', 1774, 1132, 1846, 1223, 0),
(130, '22', '4', 'GR_4', 1416, 714, 1476, 763, 0),
(131, '22', '4', 'GR_5', 1107, 1228, 1194, 1314, 1),
(132, '22', '4', 'GR_6', 1286, 1072, 1345, 1133, 0),
(133, '22', '4', 'GR_7', 1105, 991, 1163, 1049, 0),
(134, '22', '4', 'GR_8', 1531, 908, 1625, 1037, 0),
(135, '23', '4', 'GR_0', 1258, 815, 1324, 868, 0),
(136, '23', '4', 'GR_1', 907, 1212, 993, 1299, 0),
(137, '23', '4', 'GR_2', 1806, 734, 1882, 837, 0),
(138, '23', '4', 'GR_3', 1417, 715, 1475, 763, 0),
(139, '23', '4', 'GR_4', 1774, 1133, 1846, 1223, 0),
(140, '23', '4', 'GR_5', 1287, 1073, 1345, 1132, 0),
(141, '23', '4', 'GR_6', 1107, 1228, 1194, 1313, 0),
(142, '23', '4', 'GR_7', 1105, 991, 1163, 1049, 0),
(143, '23', '4', 'GR_8', 1532, 1169, 1605, 1259, 1),
(144, '23', '4', 'GR_9', 1532, 906, 1624, 1037, 0),
(145, '24', '4', 'GR_0', 906, 1211, 993, 1299, 1),
(146, '25', '4', 'GR_0', 906, 1211, 993, 1299, 0),
(147, '25', '4', 'GR_1', 1105, 990, 1164, 1050, 1),
(148, '26', '4', 'GR_0', 907, 1211, 993, 1299, 0),
(149, '26', '4', 'GR_1', 1257, 814, 1326, 869, 1),
(150, '26', '4', 'GR_2', 1105, 990, 1164, 1050, 0),
(151, '27', '4', 'GR_0', 906, 1211, 993, 1299, 0),
(152, '27', '4', 'GR_1', 1806, 734, 1882, 837, 1),
(153, '27', '4', 'GR_2', 1257, 814, 1326, 870, 0),
(154, '27', '4', 'GR_3', 1105, 990, 1164, 1050, 0),
(155, '28', '4', 'GR_0', 1773, 1132, 1846, 1223, 1),
(156, '28', '4', 'GR_1', 907, 1211, 993, 1299, 0),
(157, '28', '4', 'GR_2', 1257, 814, 1325, 869, 0),
(158, '28', '4', 'GR_3', 1806, 734, 1882, 836, 0),
(159, '28', '4', 'GR_4', 1105, 989, 1164, 1050, 0),
(160, '29', '4', 'GR_0', 1257, 814, 1325, 869, 0),
(161, '29', '4', 'GR_1', 907, 1211, 993, 1299, 0),
(162, '29', '4', 'GR_2', 1806, 734, 1882, 837, 0),
(163, '29', '4', 'GR_3', 1774, 1132, 1846, 1223, 0),
(164, '29', '4', 'GR_4', 1531, 907, 1624, 1037, 1),
(165, '29', '4', 'GR_5', 1105, 991, 1163, 1049, 0),
(166, '30', '4', 'GR_0', 907, 1211, 993, 1299, 1),
(167, '30', '4', 'GR_1', 1257, 814, 1326, 869, 1),
(168, '30', '4', 'GR_2', 1105, 990, 1164, 1050, 1),
(169, '31', '4', 'GR_0', 906, 1211, 993, 1299, 0),
(170, '31', '4', 'GR_1', 1806, 734, 1882, 837, 1),
(171, '31', '4', 'GR_2', 1257, 814, 1326, 870, 0),
(172, '31', '4', 'GR_3', 1105, 990, 1164, 1050, 0),
(173, '32', '4', 'GR_0', 1773, 1132, 1846, 1223, 1),
(174, '32', '4', 'GR_1', 907, 1211, 993, 1299, 0),
(175, '32', '4', 'GR_2', 1257, 814, 1325, 869, 0),
(176, '32', '4', 'GR_3', 1806, 734, 1882, 836, 0),
(177, '32', '4', 'GR_4', 1105, 989, 1164, 1050, 0),
(178, '33', '4', 'GR_0', 1257, 814, 1325, 869, 0),
(179, '33', '4', 'GR_1', 907, 1211, 993, 1299, 0),
(180, '33', '4', 'GR_2', 1806, 734, 1882, 837, 0),
(181, '33', '4', 'GR_3', 1774, 1132, 1846, 1223, 0),
(182, '33', '4', 'GR_4', 1531, 907, 1624, 1037, 1),
(183, '33', '4', 'GR_5', 1105, 991, 1163, 1049, 0),
(184, '34', '4', 'GR_0', 1257, 814, 1325, 869, 0),
(185, '34', '4', 'GR_1', 907, 1211, 993, 1299, 0),
(186, '34', '4', 'GR_2', 1806, 734, 1882, 837, 0),
(187, '34', '4', 'GR_3', 1774, 1132, 1846, 1223, 0),
(188, '34', '4', 'GR_4', 1531, 907, 1624, 1037, 0),
(189, '34', '4', 'GR_5', 1105, 991, 1163, 1049, 0),
(190, '35', '4', 'GR_0', 1257, 814, 1325, 869, 0),
(191, '35', '4', 'GR_1', 1806, 734, 1882, 837, 0),
(192, '35', '4', 'GR_2', 907, 1211, 993, 1299, 0),
(193, '35', '4', 'GR_3', 1774, 1132, 1846, 1223, 0),
(194, '35', '4', 'GR_4', 1531, 907, 1624, 1037, 0),
(195, '35', '4', 'GR_5', 1286, 1072, 1345, 1133, 1),
(196, '35', '4', 'GR_6', 1105, 991, 1163, 1049, 0),
(197, '36', '4', 'GR_0', 906, 1211, 993, 1299, 1),
(198, '36', '4', 'GR_1', 1105, 990, 1164, 1050, 1),
(199, '37', '4', 'GR_0', 907, 1211, 993, 1299, 0),
(200, '37', '4', 'GR_1', 1257, 814, 1326, 869, 1),
(201, '37', '4', 'GR_2', 1105, 990, 1164, 1050, 0),
(202, '38', '4', 'GR_0', 906, 1211, 993, 1299, 0),
(203, '38', '4', 'GR_1', 1806, 734, 1882, 837, 1),
(204, '38', '4', 'GR_2', 1257, 814, 1326, 870, 0),
(205, '38', '4', 'GR_3', 1105, 990, 1164, 1050, 0),
(206, '39', '4', 'GR_0', 1773, 1132, 1846, 1223, 1),
(207, '39', '4', 'GR_1', 907, 1211, 993, 1299, 0),
(208, '39', '4', 'GR_2', 1257, 814, 1325, 869, 0),
(209, '39', '4', 'GR_3', 1806, 734, 1882, 836, 0),
(210, '39', '4', 'GR_4', 1105, 989, 1164, 1050, 0),
(211, '40', '4', 'GR_0', 1257, 814, 1325, 869, 0),
(212, '40', '4', 'GR_1', 907, 1211, 993, 1299, 0),
(213, '40', '4', 'GR_2', 1806, 734, 1882, 837, 0),
(214, '40', '4', 'GR_3', 1774, 1132, 1846, 1223, 0),
(215, '40', '4', 'GR_4', 1531, 907, 1624, 1037, 1),
(216, '40', '4', 'GR_5', 1105, 991, 1163, 1049, 0),
(217, '41', '4', 'GR_0', 1257, 814, 1325, 869, 0),
(218, '41', '4', 'GR_1', 907, 1211, 993, 1299, 0),
(219, '41', '4', 'GR_2', 1806, 734, 1882, 837, 0),
(220, '41', '4', 'GR_3', 1774, 1132, 1846, 1223, 0),
(221, '41', '4', 'GR_4', 1531, 907, 1624, 1037, 0),
(222, '41', '4', 'GR_5', 1105, 991, 1163, 1049, 0),
(223, '42', '4', 'GR_0', 907, 1211, 993, 1299, 1),
(224, '42', '4', 'GR_1', 1257, 814, 1326, 869, 1),
(225, '42', '4', 'GR_2', 1105, 990, 1164, 1050, 1),
(226, '43', '4', 'GR_0', 906, 1211, 993, 1299, 0),
(227, '43', '4', 'GR_1', 1806, 734, 1882, 837, 1),
(228, '43', '4', 'GR_2', 1257, 814, 1326, 870, 0),
(229, '43', '4', 'GR_3', 1105, 990, 1164, 1050, 0),
(230, '44', '4', 'GR_0', 1773, 1132, 1846, 1223, 1),
(231, '44', '4', 'GR_1', 907, 1211, 993, 1299, 0),
(232, '44', '4', 'GR_2', 1257, 814, 1325, 869, 0),
(233, '44', '4', 'GR_3', 1806, 734, 1882, 836, 0),
(234, '44', '4', 'GR_4', 1105, 989, 1164, 1050, 0),
(235, '45', '4', 'GR_0', 1257, 814, 1325, 869, 0),
(236, '45', '4', 'GR_1', 907, 1211, 993, 1299, 0),
(237, '45', '4', 'GR_2', 1806, 734, 1882, 837, 0),
(238, '45', '4', 'GR_3', 1774, 1132, 1846, 1223, 0),
(239, '45', '4', 'GR_4', 1531, 907, 1624, 1037, 1),
(240, '45', '4', 'GR_5', 1105, 991, 1163, 1049, 0),
(241, '46', '4', 'GR_0', 1257, 814, 1325, 869, 0),
(242, '46', '4', 'GR_1', 907, 1211, 993, 1299, 0),
(243, '46', '4', 'GR_2', 1806, 734, 1882, 837, 0),
(244, '46', '4', 'GR_3', 1774, 1132, 1846, 1223, 0),
(245, '46', '4', 'GR_4', 1531, 907, 1624, 1037, 0),
(246, '46', '4', 'GR_5', 1105, 991, 1163, 1049, 0),
(247, '47', '4', 'GR_0', 1257, 814, 1325, 869, 0),
(248, '47', '4', 'GR_1', 1806, 734, 1882, 837, 0),
(249, '47', '4', 'GR_2', 907, 1211, 993, 1299, 0),
(250, '47', '4', 'GR_3', 1774, 1132, 1846, 1223, 0),
(251, '47', '4', 'GR_4', 1531, 907, 1624, 1037, 0),
(252, '47', '4', 'GR_5', 1286, 1072, 1345, 1133, 1),
(253, '47', '4', 'GR_6', 1105, 991, 1163, 1049, 0),
(254, '48', '4', 'GR_0', 1257, 814, 1325, 869, 1),
(255, '48', '4', 'GR_1', 907, 1211, 993, 1299, 1),
(256, '48', '4', 'GR_2', 1806, 734, 1882, 837, 1),
(257, '48', '4', 'GR_3', 1774, 1132, 1846, 1223, 1),
(258, '48', '4', 'GR_4', 1531, 907, 1624, 1037, 1),
(259, '48', '4', 'GR_5', 1105, 991, 1163, 1049, 1),
(260, '49', '4', 'GR_0', 1257, 814, 1325, 869, 0),
(261, '49', '4', 'GR_1', 907, 1211, 993, 1299, 0),
(262, '49', '4', 'GR_2', 1806, 734, 1882, 837, 0),
(263, '49', '4', 'GR_3', 1774, 1132, 1846, 1223, 0),
(264, '49', '4', 'GR_4', 1531, 907, 1624, 1037, 0),
(265, '49', '4', 'GR_5', 1105, 991, 1163, 1049, 0),
(266, '50', '4', 'GR_0', 1257, 814, 1325, 869, 0),
(267, '50', '4', 'GR_1', 1806, 734, 1882, 837, 0),
(268, '50', '4', 'GR_2', 907, 1211, 993, 1299, 0),
(269, '50', '4', 'GR_3', 1774, 1132, 1846, 1223, 0),
(270, '50', '4', 'GR_4', 1531, 907, 1624, 1037, 0),
(271, '50', '4', 'GR_5', 1286, 1072, 1345, 1133, 1),
(272, '50', '4', 'GR_6', 1105, 991, 1163, 1049, 0),
(273, '51', '4', 'GR_0', 1774, 1132, 1846, 1223, 0),
(274, '51', '4', 'GR_1', 1257, 814, 1324, 869, 0),
(275, '51', '4', 'GR_2', 907, 1211, 993, 1299, 0),
(276, '51', '4', 'GR_3', 1806, 734, 1882, 837, 0),
(277, '51', '4', 'GR_4', 1286, 1072, 1345, 1134, 0),
(278, '51', '4', 'GR_5', 1416, 714, 1476, 763, 1),
(279, '51', '4', 'GR_6', 1531, 909, 1624, 1037, 0),
(280, '51', '4', 'GR_7', 1105, 990, 1163, 1050, 0),
(281, '52', '4', 'GR_0', 907, 1211, 993, 1299, 0),
(282, '52', '4', 'GR_1', 1257, 814, 1324, 868, 0),
(283, '52', '4', 'GR_2', 1806, 734, 1882, 837, 0),
(284, '52', '4', 'GR_3', 1774, 1132, 1846, 1223, 0),
(285, '52', '4', 'GR_4', 1416, 714, 1476, 763, 0),
(286, '52', '4', 'GR_5', 1107, 1228, 1194, 1314, 1),
(287, '52', '4', 'GR_6', 1286, 1072, 1345, 1133, 0),
(288, '52', '4', 'GR_7', 1105, 991, 1163, 1049, 0),
(289, '52', '4', 'GR_8', 1531, 908, 1625, 1037, 0),
(290, '53', '4', 'GR_0', 1258, 815, 1324, 868, 0),
(291, '53', '4', 'GR_1', 907, 1212, 993, 1299, 0),
(292, '53', '4', 'GR_2', 1806, 734, 1882, 837, 0),
(293, '53', '4', 'GR_3', 1417, 715, 1475, 763, 0),
(294, '53', '4', 'GR_4', 1774, 1133, 1846, 1223, 0),
(295, '53', '4', 'GR_5', 1287, 1073, 1345, 1132, 0),
(296, '53', '4', 'GR_6', 1107, 1228, 1194, 1313, 0),
(297, '53', '4', 'GR_7', 1105, 991, 1163, 1049, 0),
(298, '53', '4', 'GR_8', 1532, 1169, 1605, 1259, 1),
(299, '53', '4', 'GR_9', 1532, 906, 1624, 1037, 0),
(300, '54', '4', 'GR_0', 907, 1211, 993, 1299, 1),
(301, '54', '4', 'GR_1', 1257, 814, 1326, 869, 1),
(302, '54', '4', 'GR_2', 1105, 990, 1164, 1050, 1),
(303, '55', '4', 'GR_0', 906, 1211, 993, 1299, 0),
(304, '55', '4', 'GR_1', 1806, 734, 1882, 837, 1),
(305, '55', '4', 'GR_2', 1257, 814, 1326, 870, 0),
(306, '55', '4', 'GR_3', 1105, 990, 1164, 1050, 0),
(307, '56', '4', 'GR_0', 1773, 1132, 1846, 1223, 1),
(308, '56', '4', 'GR_1', 907, 1211, 993, 1299, 0),
(309, '56', '4', 'GR_2', 1257, 814, 1325, 869, 0),
(310, '56', '4', 'GR_3', 1806, 734, 1882, 836, 0),
(311, '56', '4', 'GR_4', 1105, 989, 1164, 1050, 0),
(312, '57', '4', 'GR_0', 1257, 814, 1325, 869, 0),
(313, '57', '4', 'GR_1', 907, 1211, 993, 1299, 0),
(314, '57', '4', 'GR_2', 1806, 734, 1882, 837, 0),
(315, '57', '4', 'GR_3', 1774, 1132, 1846, 1223, 0),
(316, '57', '4', 'GR_4', 1531, 907, 1624, 1037, 1),
(317, '57', '4', 'GR_5', 1105, 991, 1163, 1049, 0),
(318, '58', '4', 'GR_0', 1257, 814, 1325, 869, 0),
(319, '58', '4', 'GR_1', 907, 1211, 993, 1299, 0),
(320, '58', '4', 'GR_2', 1806, 734, 1882, 837, 0),
(321, '58', '4', 'GR_3', 1774, 1132, 1846, 1223, 0),
(322, '58', '4', 'GR_4', 1531, 907, 1624, 1037, 0),
(323, '58', '4', 'GR_5', 1105, 991, 1163, 1049, 0),
(324, '59', '4', 'GR_0', 1257, 814, 1325, 869, 0),
(325, '59', '4', 'GR_1', 1806, 734, 1882, 837, 0),
(326, '59', '4', 'GR_2', 907, 1211, 993, 1299, 0),
(327, '59', '4', 'GR_3', 1774, 1132, 1846, 1223, 0),
(328, '59', '4', 'GR_4', 1531, 907, 1624, 1037, 0),
(329, '59', '4', 'GR_5', 1286, 1072, 1345, 1133, 1),
(330, '59', '4', 'GR_6', 1105, 991, 1163, 1049, 0),
(331, '60', '4', 'GR_0', 1773, 1132, 1846, 1223, 1),
(332, '60', '4', 'GR_1', 907, 1211, 993, 1299, 1),
(333, '60', '4', 'GR_2', 1257, 814, 1325, 869, 1),
(334, '60', '4', 'GR_3', 1806, 734, 1882, 836, 1),
(335, '60', '4', 'GR_4', 1105, 989, 1164, 1050, 1),
(336, '61', '4', 'GR_0', 1257, 814, 1325, 869, 0),
(337, '61', '4', 'GR_1', 907, 1211, 993, 1299, 0),
(338, '61', '4', 'GR_2', 1806, 734, 1882, 837, 0),
(339, '61', '4', 'GR_3', 1774, 1132, 1846, 1223, 0),
(340, '61', '4', 'GR_4', 1531, 907, 1624, 1037, 1),
(341, '61', '4', 'GR_5', 1105, 991, 1163, 1049, 0),
(342, '62', '4', 'GR_0', 1257, 814, 1325, 869, 0),
(343, '62', '4', 'GR_1', 907, 1211, 993, 1299, 0),
(344, '62', '4', 'GR_2', 1806, 734, 1882, 837, 0),
(345, '62', '4', 'GR_3', 1774, 1132, 1846, 1223, 0),
(346, '62', '4', 'GR_4', 1531, 907, 1624, 1037, 0),
(347, '62', '4', 'GR_5', 1105, 991, 1163, 1049, 0),
(348, '63', '4', 'GR_0', 1257, 814, 1325, 869, 0),
(349, '63', '4', 'GR_1', 1806, 734, 1882, 837, 0),
(350, '63', '4', 'GR_2', 907, 1211, 993, 1299, 0),
(351, '63', '4', 'GR_3', 1774, 1132, 1846, 1223, 0),
(352, '63', '4', 'GR_4', 1531, 907, 1624, 1037, 0),
(353, '63', '4', 'GR_5', 1286, 1072, 1345, 1133, 1),
(354, '63', '4', 'GR_6', 1105, 991, 1163, 1049, 0),
(355, '64', '4', 'GR_0', 1774, 1132, 1846, 1223, 0),
(356, '64', '4', 'GR_1', 1257, 814, 1324, 869, 0),
(357, '64', '4', 'GR_2', 907, 1211, 993, 1299, 0),
(358, '64', '4', 'GR_3', 1806, 734, 1882, 837, 0),
(359, '64', '4', 'GR_4', 1286, 1072, 1345, 1134, 0),
(360, '64', '4', 'GR_5', 1416, 714, 1476, 763, 1),
(361, '64', '4', 'GR_6', 1531, 909, 1624, 1037, 0),
(362, '64', '4', 'GR_7', 1105, 990, 1163, 1050, 0),
(363, '65', '4', 'GR_0', 907, 1211, 993, 1299, 0),
(364, '65', '4', 'GR_1', 1257, 814, 1324, 868, 0),
(365, '65', '4', 'GR_2', 1806, 734, 1882, 837, 0),
(366, '65', '4', 'GR_3', 1774, 1132, 1846, 1223, 0),
(367, '65', '4', 'GR_4', 1416, 714, 1476, 763, 0),
(368, '65', '4', 'GR_5', 1107, 1228, 1194, 1314, 1),
(369, '65', '4', 'GR_6', 1286, 1072, 1345, 1133, 0),
(370, '65', '4', 'GR_7', 1105, 991, 1163, 1049, 0),
(371, '65', '4', 'GR_8', 1531, 908, 1625, 1037, 0),
(372, '66', '4', 'GR_0', 906, 1211, 993, 1299, 1),
(373, '66', '4', 'GR_1', 1806, 734, 1882, 837, 1),
(374, '66', '4', 'GR_2', 1257, 814, 1326, 870, 1),
(375, '66', '4', 'GR_3', 1105, 990, 1164, 1050, 1),
(376, '67', '4', 'GR_0', 1773, 1132, 1846, 1223, 1),
(377, '67', '4', 'GR_1', 907, 1211, 993, 1299, 0),
(378, '67', '4', 'GR_2', 1257, 814, 1325, 869, 0),
(379, '67', '4', 'GR_3', 1806, 734, 1882, 836, 0),
(380, '67', '4', 'GR_4', 1105, 989, 1164, 1050, 0),
(381, '68', '4', 'GR_0', 1257, 814, 1325, 869, 0),
(382, '68', '4', 'GR_1', 907, 1211, 993, 1299, 0),
(383, '68', '4', 'GR_2', 1806, 734, 1882, 837, 0),
(384, '68', '4', 'GR_3', 1774, 1132, 1846, 1223, 0),
(385, '68', '4', 'GR_4', 1531, 907, 1624, 1037, 1),
(386, '68', '4', 'GR_5', 1105, 991, 1163, 1049, 0),
(387, '69', '4', 'GR_0', 1257, 814, 1325, 869, 0),
(388, '69', '4', 'GR_1', 907, 1211, 993, 1299, 0),
(389, '69', '4', 'GR_2', 1806, 734, 1882, 837, 0),
(390, '69', '4', 'GR_3', 1774, 1132, 1846, 1223, 0),
(391, '69', '4', 'GR_4', 1531, 907, 1624, 1037, 0),
(392, '69', '4', 'GR_5', 1105, 991, 1163, 1049, 0),
(393, '71', '4', 'GR_0', 906, 1211, 993, 1299, 1),
(394, '71', '4', 'GR_1', 1806, 734, 1882, 837, 1),
(395, '71', '4', 'GR_2', 1257, 814, 1326, 870, 1),
(396, '71', '4', 'GR_3', 1105, 990, 1164, 1050, 1),
(397, '72', '4', 'GR_0', 1773, 1132, 1846, 1223, 1),
(398, '72', '4', 'GR_1', 907, 1211, 993, 1299, 0),
(399, '72', '4', 'GR_2', 1257, 814, 1325, 869, 0),
(400, '72', '4', 'GR_3', 1806, 734, 1882, 836, 0),
(401, '72', '4', 'GR_4', 1105, 989, 1164, 1050, 0),
(402, '73', '4', 'GR_0', 1257, 814, 1325, 869, 0),
(403, '73', '4', 'GR_1', 907, 1211, 993, 1299, 0),
(404, '73', '4', 'GR_2', 1806, 734, 1882, 837, 0),
(405, '73', '4', 'GR_3', 1774, 1132, 1846, 1223, 0),
(406, '73', '4', 'GR_4', 1531, 907, 1624, 1037, 1),
(407, '73', '4', 'GR_5', 1105, 991, 1163, 1049, 0),
(408, '74', '4', 'GR_0', 1257, 814, 1325, 869, 0),
(409, '74', '4', 'GR_1', 907, 1211, 993, 1299, 0),
(410, '74', '4', 'GR_2', 1806, 734, 1882, 837, 0),
(411, '74', '4', 'GR_3', 1774, 1132, 1846, 1223, 0),
(412, '74', '4', 'GR_4', 1531, 907, 1624, 1037, 0),
(413, '74', '4', 'GR_5', 1105, 991, 1163, 1049, 0),
(414, '75', '4', 'GR_0', 1257, 814, 1325, 869, 0),
(415, '75', '4', 'GR_1', 1806, 734, 1882, 837, 0),
(416, '75', '4', 'GR_2', 907, 1211, 993, 1299, 0),
(417, '75', '4', 'GR_3', 1774, 1132, 1846, 1223, 0),
(418, '75', '4', 'GR_4', 1531, 907, 1624, 1037, 0),
(419, '75', '4', 'GR_5', 1286, 1072, 1345, 1133, 1),
(420, '75', '4', 'GR_6', 1105, 991, 1163, 1049, 0),
(421, '76', '4', 'GR_0', 1774, 1132, 1846, 1223, 0),
(422, '76', '4', 'GR_1', 1257, 814, 1324, 869, 0),
(423, '76', '4', 'GR_2', 907, 1211, 993, 1299, 0),
(424, '76', '4', 'GR_3', 1806, 734, 1882, 837, 0),
(425, '76', '4', 'GR_4', 1286, 1072, 1345, 1134, 0),
(426, '76', '4', 'GR_5', 1416, 714, 1476, 763, 1),
(427, '76', '4', 'GR_6', 1531, 909, 1624, 1037, 0),
(428, '76', '4', 'GR_7', 1105, 990, 1163, 1050, 0),
(429, '77', '4', 'GR_0', 906, 1211, 993, 1299, 1),
(430, '78', '4', 'GR_0', 906, 1211, 993, 1299, 0),
(431, '78', '4', 'GR_1', 1105, 990, 1164, 1050, 1),
(432, '79', '4', 'GR_0', 907, 1211, 993, 1299, 0),
(433, '79', '4', 'GR_1', 1257, 814, 1326, 869, 1),
(434, '79', '4', 'GR_2', 1105, 990, 1164, 1050, 0),
(435, '80', '4', 'GR_0', 906, 1211, 993, 1299, 0),
(436, '80', '4', 'GR_1', 1806, 734, 1882, 837, 1),
(437, '80', '4', 'GR_2', 1257, 814, 1326, 870, 0),
(438, '80', '4', 'GR_3', 1105, 990, 1164, 1050, 0),
(439, '81', '4', 'GR_0', 1773, 1132, 1846, 1223, 1),
(440, '81', '4', 'GR_1', 907, 1211, 993, 1299, 0),
(441, '81', '4', 'GR_2', 1257, 814, 1325, 869, 0),
(442, '81', '4', 'GR_3', 1806, 734, 1882, 836, 0),
(443, '81', '4', 'GR_4', 1105, 989, 1164, 1050, 0),
(444, '82', '4', 'GR_0', 1257, 814, 1325, 869, NULL),
(445, '82', '4', 'GR_1', 907, 1211, 993, 1299, NULL),
(446, '82', '4', 'GR_2', 1806, 734, 1882, 837, NULL),
(447, '82', '4', 'GR_3', 1774, 1132, 1846, 1223, NULL),
(448, '83', '4', 'GR_0', 907, 1211, 993, 1299, 1),
(449, '83', '4', 'GR_1', 1257, 814, 1326, 869, 1),
(450, '83', '4', 'GR_2', 1105, 990, 1164, 1050, 1),
(451, '84', '4', 'GR_0', 906, 1211, 993, 1299, 0),
(452, '84', '4', 'GR_1', 1806, 734, 1882, 837, 1),
(453, '84', '4', 'GR_2', 1257, 814, 1326, 870, 0),
(454, '84', '4', 'GR_3', 1105, 990, 1164, 1050, 0),
(455, '85', '4', 'GR_0', 1773, 1132, 1846, 1223, 1),
(456, '85', '4', 'GR_1', 907, 1211, 993, 1299, 0),
(457, '85', '4', 'GR_2', 1257, 814, 1325, 869, 0),
(458, '85', '4', 'GR_3', 1806, 734, 1882, 836, 0),
(459, '85', '4', 'GR_4', 1105, 989, 1164, 1050, 0),
(460, '86', '4', 'GR_0', 1257, 814, 1325, 869, 0),
(461, '86', '4', 'GR_1', 907, 1211, 993, 1299, 0),
(462, '86', '4', 'GR_2', 1806, 734, 1882, 837, 0),
(463, '86', '4', 'GR_3', 1774, 1132, 1846, 1223, 0),
(464, '86', '4', 'GR_4', 1531, 907, 1624, 1037, 1),
(465, '86', '4', 'GR_5', 1105, 991, 1163, 1049, 0),
(466, '87', '4', 'GR_0', 1257, 814, 1325, 869, 0),
(467, '87', '4', 'GR_1', 907, 1211, 993, 1299, 0),
(468, '87', '4', 'GR_2', 1806, 734, 1882, 837, 0),
(469, '87', '4', 'GR_3', 1774, 1132, 1846, 1223, 0),
(470, '87', '4', 'GR_4', 1531, 907, 1624, 1037, 0),
(471, '87', '4', 'GR_5', 1105, 991, 1163, 1049, 0),
(472, '88', '4', 'GR_0', 1257, 814, 1325, 869, 0),
(473, '88', '4', 'GR_1', 1806, 734, 1882, 837, 0),
(474, '88', '4', 'GR_2', 907, 1211, 993, 1299, 0),
(475, '88', '4', 'GR_3', 1774, 1132, 1846, 1223, 0),
(476, '88', '4', 'GR_4', 1531, 907, 1624, 1037, 0),
(477, '88', '4', 'GR_5', 1286, 1072, 1345, 1133, 1),
(478, '88', '4', 'GR_6', 1105, 991, 1163, 1049, 0),
(479, '90', '4', 'GR_0', 906, 1211, 993, 1299, 1),
(480, '91', '4', 'GR_0', 906, 1211, 993, 1299, 0),
(481, '91', '4', 'GR_1', 1105, 990, 1164, 1050, 1),
(482, '92', '4', 'GR_0', 907, 1211, 993, 1299, 0),
(483, '92', '4', 'GR_1', 1257, 814, 1326, 869, 1),
(484, '92', '4', 'GR_2', 1105, 990, 1164, 1050, 0),
(485, '93', '4', 'GR_0', 906, 1211, 993, 1299, 0),
(486, '93', '4', 'GR_1', 1806, 734, 1882, 837, 1),
(487, '93', '4', 'GR_2', 1257, 814, 1326, 870, 0),
(488, '93', '4', 'GR_3', 1105, 990, 1164, 1050, 0),
(489, '94', '4', 'GR_0', 1773, 1132, 1846, 1223, 1),
(490, '94', '4', 'GR_1', 907, 1211, 993, 1299, 0),
(491, '94', '4', 'GR_2', 1257, 814, 1325, 869, 0),
(492, '94', '4', 'GR_3', 1806, 734, 1882, 836, 0),
(493, '94', '4', 'GR_4', 1105, 989, 1164, 1050, 0),
(494, '95', '4', 'GR_0', 906, 1211, 993, 1299, 1),
(495, '95', '4', 'GR_1', 1105, 990, 1164, 1050, 1),
(496, '96', '4', 'GR_0', 907, 1211, 993, 1299, 0),
(497, '96', '4', 'GR_1', 1257, 814, 1326, 869, 1),
(498, '96', '4', 'GR_2', 1105, 990, 1164, 1050, 0),
(499, '97', '4', 'GR_0', 906, 1211, 993, 1299, 0),
(500, '97', '4', 'GR_1', 1806, 734, 1882, 837, 1),
(501, '97', '4', 'GR_2', 1257, 814, 1326, 870, 0),
(502, '97', '4', 'GR_3', 1105, 990, 1164, 1050, 0),
(503, '98', '4', 'GR_0', 1773, 1132, 1846, 1223, 1),
(504, '98', '4', 'GR_1', 907, 1211, 993, 1299, 0),
(505, '98', '4', 'GR_2', 1257, 814, 1325, 869, 0),
(506, '98', '4', 'GR_3', 1806, 734, 1882, 836, 0),
(507, '98', '4', 'GR_4', 1105, 989, 1164, 1050, 0),
(508, '99', '4', 'GR_0', 1257, 814, 1325, 869, 0),
(509, '99', '4', 'GR_1', 907, 1211, 993, 1299, 0),
(510, '99', '4', 'GR_2', 1806, 734, 1882, 837, 0),
(511, '99', '4', 'GR_3', 1774, 1132, 1846, 1223, 0),
(512, '99', '4', 'GR_4', 1531, 907, 1624, 1037, 1),
(513, '99', '4', 'GR_5', 1105, 991, 1163, 1049, 0),
(514, '100', '4', 'GR_0', 1257, 814, 1325, 869, 0),
(515, '100', '4', 'GR_1', 907, 1211, 993, 1299, 0),
(516, '100', '4', 'GR_2', 1806, 734, 1882, 837, 0),
(517, '100', '4', 'GR_3', 1774, 1132, 1846, 1223, 0),
(518, '100', '4', 'GR_4', 1531, 907, 1624, 1037, 0),
(519, '100', '4', 'GR_5', 1105, 991, 1163, 1049, 0),
(520, '101', '4', 'GR_0', 906, 1211, 993, 1299, 1),
(521, '101', '4', 'GR_1', 1105, 990, 1164, 1050, 1),
(522, '102', '4', 'GR_0', 907, 1211, 993, 1299, 0),
(523, '102', '4', 'GR_1', 1257, 814, 1326, 869, 1),
(524, '102', '4', 'GR_2', 1105, 990, 1164, 1050, 0),
(525, '103', '4', 'GR_0', 906, 1211, 993, 1299, 0),
(526, '103', '4', 'GR_1', 1806, 734, 1882, 837, 1),
(527, '103', '4', 'GR_2', 1257, 814, 1326, 870, 0),
(528, '103', '4', 'GR_3', 1105, 990, 1164, 1050, 0),
(529, '104', '4', 'GR_0', 1773, 1132, 1846, 1223, 1),
(530, '104', '4', 'GR_1', 907, 1211, 993, 1299, 0),
(531, '104', '4', 'GR_2', 1257, 814, 1325, 869, 0),
(532, '104', '4', 'GR_3', 1806, 734, 1882, 836, 0),
(533, '104', '4', 'GR_4', 1105, 989, 1164, 1050, 0),
(534, '105', '4', 'GR_0', 1257, 814, 1325, 869, 0),
(535, '105', '4', 'GR_1', 907, 1211, 993, 1299, 0),
(536, '105', '4', 'GR_2', 1806, 734, 1882, 837, 0),
(537, '105', '4', 'GR_3', 1774, 1132, 1846, 1223, 0),
(538, '105', '4', 'GR_4', 1531, 907, 1624, 1037, 1),
(539, '105', '4', 'GR_5', 1105, 991, 1163, 1049, 0),
(540, '106', '4', 'GR_0', 1257, 814, 1325, 869, 0),
(541, '106', '4', 'GR_1', 907, 1211, 993, 1299, 0),
(542, '106', '4', 'GR_2', 1806, 734, 1882, 837, 0),
(543, '106', '4', 'GR_3', 1774, 1132, 1846, 1223, 0),
(544, '106', '4', 'GR_4', 1531, 907, 1624, 1037, 0),
(545, '106', '4', 'GR_5', 1105, 991, 1163, 1049, 0),
(546, '108', '4', 'GR_0', 906, 1211, 993, 1299, 1),
(547, '109', '4', 'GR_0', 906, 1211, 993, 1299, 0),
(548, '109', '4', 'GR_1', 1105, 990, 1164, 1050, 1),
(549, '110', '4', 'GR_0', 907, 1211, 993, 1299, 0),
(550, '110', '4', 'GR_1', 1257, 814, 1326, 869, 1),
(551, '110', '4', 'GR_2', 1105, 990, 1164, 1050, 0),
(552, '111', '4', 'GR_0', 906, 1211, 993, 1299, 0),
(553, '111', '4', 'GR_1', 1806, 734, 1882, 837, 1),
(554, '111', '4', 'GR_2', 1257, 814, 1326, 870, 0),
(555, '111', '4', 'GR_3', 1105, 990, 1164, 1050, 0),
(556, '112', '4', 'GR_0', 1773, 1132, 1846, 1223, 1),
(557, '112', '4', 'GR_1', 907, 1211, 993, 1299, 0),
(558, '112', '4', 'GR_2', 1257, 814, 1325, 869, 0),
(559, '112', '4', 'GR_3', 1806, 734, 1882, 836, 0),
(560, '112', '4', 'GR_4', 1105, 989, 1164, 1050, 0),
(561, '113', '4', 'GR_0', 1257, 814, 1325, 869, 1),
(562, '113', '4', 'GR_1', 907, 1211, 993, 1299, 1),
(563, '113', '4', 'GR_2', 1806, 734, 1882, 837, 1),
(564, '113', '4', 'GR_3', 1774, 1132, 1846, 1223, 1),
(565, '113', '4', 'GR_4', 1531, 907, 1624, 1037, 1),
(566, '113', '4', 'GR_5', 1105, 991, 1163, 1049, 1),
(567, '114', '4', 'GR_0', 1257, 814, 1325, 869, 0),
(568, '114', '4', 'GR_1', 1806, 734, 1882, 837, 0),
(569, '114', '4', 'GR_2', 907, 1211, 993, 1299, 0),
(570, '114', '4', 'GR_3', 1774, 1132, 1846, 1223, 0),
(571, '114', '4', 'GR_4', 1531, 907, 1624, 1037, 0),
(572, '114', '4', 'GR_5', 1286, 1072, 1345, 1133, 1),
(573, '114', '4', 'GR_6', 1105, 991, 1163, 1049, 0),
(574, '115', '4', 'GR_0', 1774, 1132, 1846, 1223, 0),
(575, '115', '4', 'GR_1', 1257, 814, 1324, 869, 0),
(576, '115', '4', 'GR_2', 907, 1211, 993, 1299, 0),
(577, '115', '4', 'GR_3', 1806, 734, 1882, 837, 0),
(578, '115', '4', 'GR_4', 1286, 1072, 1345, 1134, 0),
(579, '115', '4', 'GR_5', 1416, 714, 1476, 763, 1),
(580, '115', '4', 'GR_6', 1531, 909, 1624, 1037, 0),
(581, '115', '4', 'GR_7', 1105, 990, 1163, 1050, 0),
(582, '116', '4', 'GR_0', 907, 1211, 993, 1299, 0),
(583, '116', '4', 'GR_1', 1257, 814, 1324, 868, 0),
(584, '116', '4', 'GR_2', 1806, 734, 1882, 837, 0),
(585, '116', '4', 'GR_3', 1774, 1132, 1846, 1223, 0),
(586, '116', '4', 'GR_4', 1416, 714, 1476, 763, 0),
(587, '116', '4', 'GR_5', 1107, 1228, 1194, 1314, 1),
(588, '116', '4', 'GR_6', 1286, 1072, 1345, 1133, 0),
(589, '116', '4', 'GR_7', 1105, 991, 1163, 1049, 0),
(590, '116', '4', 'GR_8', 1531, 908, 1625, 1037, 0),
(591, '117', '4', 'GR_0', 1258, 815, 1324, 868, 0),
(592, '117', '4', 'GR_1', 907, 1212, 993, 1299, 0),
(593, '117', '4', 'GR_2', 1806, 734, 1882, 837, 0),
(594, '117', '4', 'GR_3', 1417, 715, 1475, 763, 0),
(595, '117', '4', 'GR_4', 1774, 1133, 1846, 1223, 0),
(596, '117', '4', 'GR_5', 1287, 1073, 1345, 1132, 0),
(597, '117', '4', 'GR_6', 1107, 1228, 1194, 1313, 0),
(598, '117', '4', 'GR_7', 1105, 991, 1163, 1049, 0),
(599, '117', '4', 'GR_8', 1532, 1169, 1605, 1259, 1),
(600, '117', '4', 'GR_9', 1532, 906, 1624, 1037, 0),
(601, '118', '4', 'GR_0', 1806, 734, 1881, 837, 0),
(602, '118', '4', 'GR_1', 1258, 815, 1324, 868, 0),
(603, '118', '4', 'GR_2', 1417, 715, 1475, 763, 0),
(604, '118', '4', 'GR_3', 942, 1025, 1004, 1088, NULL),
(605, '118', '4', 'GR_4', 1106, 991, 1163, 1048, NULL),
(606, '118', '4', 'GR_5', 907, 1211, 992, 1299, NULL),
(607, '118', '4', 'GR_6', 1774, 1133, 1846, 1223, NULL),
(608, '118', '4', 'GR_7', 1287, 1073, 1345, 1132, NULL),
(609, '118', '4', 'GR_8', 1531, 1169, 1604, 1259, NULL),
(610, '118', '4', 'GR_9', 1108, 1228, 1194, 1313, NULL),
(611, '118', '4', 'GR_10', 1532, 906, 1624, 1037, NULL),
(612, '119', '4', 'GR_0', 906, 1211, 993, 1299, 1),
(613, '119', '4', 'GR_1', 1105, 990, 1164, 1050, 1),
(614, '120', '4', 'GR_0', 907, 1211, 993, 1299, 0),
(615, '120', '4', 'GR_1', 1257, 814, 1326, 869, 1),
(616, '120', '4', 'GR_2', 1105, 990, 1164, 1050, 0),
(617, '121', '4', 'GR_0', 906, 1211, 993, 1299, 0),
(618, '121', '4', 'GR_1', 1806, 734, 1882, 837, 1),
(619, '121', '4', 'GR_2', 1257, 814, 1326, 870, 0),
(620, '121', '4', 'GR_3', 1105, 990, 1164, 1050, 0),
(621, '122', '4', 'GR_0', 1773, 1132, 1846, 1223, 1),
(622, '122', '4', 'GR_1', 907, 1211, 993, 1299, 0),
(623, '122', '4', 'GR_2', 1257, 814, 1325, 869, 0),
(624, '122', '4', 'GR_3', 1806, 734, 1882, 836, 0),
(625, '122', '4', 'GR_4', 1105, 989, 1164, 1050, 0),
(626, '123', '4', 'GR_0', 1257, 814, 1325, 869, 0),
(627, '123', '4', 'GR_1', 907, 1211, 993, 1299, 0),
(628, '123', '4', 'GR_2', 1806, 734, 1882, 837, 0),
(629, '123', '4', 'GR_3', 1774, 1132, 1846, 1223, 0),
(630, '123', '4', 'GR_4', 1531, 907, 1624, 1037, 1),
(631, '123', '4', 'GR_5', 1105, 991, 1163, 1049, 0),
(632, '124', '4', 'GR_0', 1257, 814, 1325, 869, 0),
(633, '124', '4', 'GR_1', 907, 1211, 993, 1299, 0),
(634, '124', '4', 'GR_2', 1806, 734, 1882, 837, 0),
(635, '124', '4', 'GR_3', 1774, 1132, 1846, 1223, 0),
(636, '124', '4', 'GR_4', 1531, 907, 1624, 1037, 0),
(637, '124', '4', 'GR_5', 1105, 991, 1163, 1049, 0),
(638, '125', '4', 'GR_0', 906, 1211, 993, 1299, 1),
(639, '125', '4', 'GR_1', 1105, 990, 1164, 1050, 1),
(640, '126', '4', 'GR_0', 907, 1211, 993, 1299, 0),
(641, '126', '4', 'GR_1', 1257, 814, 1326, 869, 1),
(642, '126', '4', 'GR_2', 1105, 990, 1164, 1050, 0),
(643, '127', '4', 'GR_0', 906, 1211, 993, 1299, 0),
(644, '127', '4', 'GR_1', 1806, 734, 1882, 837, 1),
(645, '127', '4', 'GR_2', 1257, 814, 1326, 870, 0),
(646, '127', '4', 'GR_3', 1105, 990, 1164, 1050, 0),
(647, '128', '4', 'GR_0', 1773, 1132, 1846, 1223, 1),
(648, '128', '4', 'GR_1', 907, 1211, 993, 1299, 0),
(649, '128', '4', 'GR_2', 1257, 814, 1325, 869, 0),
(650, '128', '4', 'GR_3', 1806, 734, 1882, 836, 0),
(651, '128', '4', 'GR_4', 1105, 989, 1164, 1050, 0),
(652, '129', '4', 'GR_0', 1257, 814, 1325, 869, 0),
(653, '129', '4', 'GR_1', 907, 1211, 993, 1299, 0),
(654, '129', '4', 'GR_2', 1806, 734, 1882, 837, 0),
(655, '129', '4', 'GR_3', 1774, 1132, 1846, 1223, 0),
(656, '129', '4', 'GR_4', 1531, 907, 1624, 1037, 1),
(657, '129', '4', 'GR_5', 1105, 991, 1163, 1049, 0),
(658, '130', '4', 'GR_0', 1257, 814, 1325, 869, 0),
(659, '130', '4', 'GR_1', 907, 1211, 993, 1299, 0),
(660, '130', '4', 'GR_2', 1806, 734, 1882, 837, 0),
(661, '130', '4', 'GR_3', 1774, 1132, 1846, 1223, 0),
(662, '130', '4', 'GR_4', 1531, 907, 1624, 1037, 0),
(663, '130', '4', 'GR_5', 1105, 991, 1163, 1049, 0),
(664, '132', '4', 'GR_0', 906, 1211, 993, 1299, 1),
(665, '133', '4', 'GR_0', 906, 1211, 993, 1299, 0),
(666, '133', '4', 'GR_1', 1105, 990, 1164, 1050, 1),
(667, '134', '4', 'GR_0', 907, 1211, 993, 1299, 0),
(668, '134', '4', 'GR_1', 1257, 814, 1326, 869, 1),
(669, '134', '4', 'GR_2', 1105, 990, 1164, 1050, 0),
(670, '135', '4', 'GR_0', 906, 1211, 993, 1299, 0),
(671, '135', '4', 'GR_1', 1806, 734, 1882, 837, 1),
(672, '135', '4', 'GR_2', 1257, 814, 1326, 870, 0),
(673, '135', '4', 'GR_3', 1105, 990, 1164, 1050, 0),
(674, '136', '4', 'GR_0', 1773, 1132, 1846, 1223, 1),
(675, '136', '4', 'GR_1', 907, 1211, 993, 1299, 0),
(676, '136', '4', 'GR_2', 1257, 814, 1325, 869, 0),
(677, '136', '4', 'GR_3', 1806, 734, 1882, 836, 0),
(678, '136', '4', 'GR_4', 1105, 989, 1164, 1050, 0),
(679, '137', '4', 'GR_0', 906, 1211, 993, 1299, 1),
(680, '137', '4', 'GR_1', 1105, 990, 1164, 1050, 1),
(681, '138', '4', 'GR_0', 907, 1211, 993, 1299, 0),
(682, '138', '4', 'GR_1', 1257, 814, 1326, 869, 1),
(683, '138', '4', 'GR_2', 1105, 990, 1164, 1050, 0),
(684, '139', '4', 'GR_0', 906, 1211, 993, 1299, 0),
(685, '139', '4', 'GR_1', 1806, 734, 1882, 837, 1),
(686, '139', '4', 'GR_2', 1257, 814, 1326, 870, 0),
(687, '139', '4', 'GR_3', 1105, 990, 1164, 1050, 0),
(688, '140', '4', 'GR_0', 1773, 1132, 1846, 1223, 1),
(689, '140', '4', 'GR_1', 907, 1211, 993, 1299, 0),
(690, '140', '4', 'GR_2', 1257, 814, 1325, 869, 0),
(691, '140', '4', 'GR_3', 1806, 734, 1882, 836, 0),
(692, '140', '4', 'GR_4', 1105, 989, 1164, 1050, 0),
(693, '141', '4', 'GR_0', 1257, 814, 1325, 869, 0),
(694, '141', '4', 'GR_1', 907, 1211, 993, 1299, 0),
(695, '141', '4', 'GR_2', 1806, 734, 1882, 837, 0),
(696, '141', '4', 'GR_3', 1774, 1132, 1846, 1223, 0),
(697, '141', '4', 'GR_4', 1531, 907, 1624, 1037, 1),
(698, '141', '4', 'GR_5', 1105, 991, 1163, 1049, 0),
(699, '142', '4', 'GR_0', 1257, 814, 1325, 869, 0),
(700, '142', '4', 'GR_1', 907, 1211, 993, 1299, 0),
(701, '142', '4', 'GR_2', 1806, 734, 1882, 837, 0),
(702, '142', '4', 'GR_3', 1774, 1132, 1846, 1223, 0),
(703, '142', '4', 'GR_4', 1531, 907, 1624, 1037, 0),
(704, '142', '4', 'GR_5', 1105, 991, 1163, 1049, 0),
(705, '143', '4', 'GR_0', 907, 1211, 993, 1299, 1),
(706, '143', '4', 'GR_1', 1257, 814, 1326, 869, 1),
(707, '143', '4', 'GR_2', 1105, 990, 1164, 1050, 1),
(708, '144', '4', 'GR_0', 906, 1211, 993, 1299, 0),
(709, '144', '4', 'GR_1', 1806, 734, 1882, 837, 1),
(710, '144', '4', 'GR_2', 1257, 814, 1326, 870, 0),
(711, '144', '4', 'GR_3', 1105, 990, 1164, 1050, 0),
(712, '145', '4', 'GR_0', 1773, 1132, 1846, 1223, 1),
(713, '145', '4', 'GR_1', 907, 1211, 993, 1299, 0),
(714, '145', '4', 'GR_2', 1257, 814, 1325, 869, 0),
(715, '145', '4', 'GR_3', 1806, 734, 1882, 836, 0),
(716, '145', '4', 'GR_4', 1105, 989, 1164, 1050, 0),
(717, '146', '4', 'GR_0', 1257, 814, 1325, 869, 0),
(718, '146', '4', 'GR_1', 907, 1211, 993, 1299, 0),
(719, '146', '4', 'GR_2', 1806, 734, 1882, 837, 0),
(720, '146', '4', 'GR_3', 1774, 1132, 1846, 1223, 0),
(721, '146', '4', 'GR_4', 1531, 907, 1624, 1037, 1),
(722, '146', '4', 'GR_5', 1105, 991, 1163, 1049, 0),
(723, '147', '4', 'GR_0', 1257, 814, 1325, 869, 0),
(724, '147', '4', 'GR_1', 907, 1211, 993, 1299, 0),
(725, '147', '4', 'GR_2', 1806, 734, 1882, 837, 0),
(726, '147', '4', 'GR_3', 1774, 1132, 1846, 1223, 0),
(727, '147', '4', 'GR_4', 1531, 907, 1624, 1037, 0),
(728, '147', '4', 'GR_5', 1105, 991, 1163, 1049, 0),
(729, '148', '4', 'GR_0', 1257, 814, 1325, 869, 0),
(730, '148', '4', 'GR_1', 1806, 734, 1882, 837, 0),
(731, '148', '4', 'GR_2', 907, 1211, 993, 1299, 0),
(732, '148', '4', 'GR_3', 1774, 1132, 1846, 1223, 0),
(733, '148', '4', 'GR_4', 1531, 907, 1624, 1037, 0),
(734, '148', '4', 'GR_5', 1286, 1072, 1345, 1133, 1),
(735, '148', '4', 'GR_6', 1105, 991, 1163, 1049, 0),
(736, '149', '4', 'GR_0', 1257, 814, 1325, 869, 1),
(737, '149', '4', 'GR_1', 907, 1211, 993, 1299, 1),
(738, '149', '4', 'GR_2', 1806, 734, 1882, 837, 1),
(739, '149', '4', 'GR_3', 1774, 1132, 1846, 1223, 1),
(740, '149', '4', 'GR_4', 1531, 907, 1624, 1037, 1),
(741, '149', '4', 'GR_5', 1105, 991, 1163, 1049, 1),
(742, '150', '4', 'GR_0', 1257, 814, 1325, 869, 0),
(743, '150', '4', 'GR_1', 1806, 734, 1882, 837, 0),
(744, '150', '4', 'GR_2', 907, 1211, 993, 1299, 0),
(745, '150', '4', 'GR_3', 1774, 1132, 1846, 1223, 0),
(746, '150', '4', 'GR_4', 1531, 907, 1624, 1037, 0),
(747, '150', '4', 'GR_5', 1286, 1072, 1345, 1133, 1),
(748, '150', '4', 'GR_6', 1105, 991, 1163, 1049, 0),
(749, '151', '4', 'GR_0', 1774, 1132, 1846, 1223, 0),
(750, '151', '4', 'GR_1', 1257, 814, 1324, 869, 0),
(751, '151', '4', 'GR_2', 907, 1211, 993, 1299, 0),
(752, '151', '4', 'GR_3', 1806, 734, 1882, 837, 0),
(753, '151', '4', 'GR_4', 1286, 1072, 1345, 1134, 0),
(754, '151', '4', 'GR_5', 1416, 714, 1476, 763, 1),
(755, '151', '4', 'GR_6', 1531, 909, 1624, 1037, 0),
(756, '151', '4', 'GR_7', 1105, 990, 1163, 1050, 0),
(757, '152', '4', 'GR_0', 907, 1211, 993, 1299, 0),
(758, '152', '4', 'GR_1', 1257, 814, 1324, 868, 0),
(759, '152', '4', 'GR_2', 1806, 734, 1882, 837, 0),
(760, '152', '4', 'GR_3', 1774, 1132, 1846, 1223, 0),
(761, '152', '4', 'GR_4', 1416, 714, 1476, 763, 0),
(762, '152', '4', 'GR_5', 1107, 1228, 1194, 1314, 1),
(763, '152', '4', 'GR_6', 1286, 1072, 1345, 1133, 0),
(764, '152', '4', 'GR_7', 1105, 991, 1163, 1049, 0),
(765, '152', '4', 'GR_8', 1531, 908, 1625, 1037, 0),
(766, '153', '4', 'GR_0', 1258, 815, 1324, 868, 0),
(767, '153', '4', 'GR_1', 907, 1212, 993, 1299, 0),
(768, '153', '4', 'GR_2', 1806, 734, 1882, 837, 0),
(769, '153', '4', 'GR_3', 1417, 715, 1475, 763, 0),
(770, '153', '4', 'GR_4', 1774, 1133, 1846, 1223, 0),
(771, '153', '4', 'GR_5', 1287, 1073, 1345, 1132, 0),
(772, '153', '4', 'GR_6', 1107, 1228, 1194, 1313, 0),
(773, '153', '4', 'GR_7', 1105, 991, 1163, 1049, 0),
(774, '153', '4', 'GR_8', 1532, 1169, 1605, 1259, 1),
(775, '153', '4', 'GR_9', 1532, 906, 1624, 1037, 0),
(776, '154', '4', 'GR_0', 1806, 734, 1881, 837, 0),
(777, '154', '4', 'GR_1', 1258, 815, 1324, 868, 0),
(778, '154', '4', 'GR_2', 1417, 715, 1475, 763, 0),
(779, '154', '4', 'GR_3', 942, 1025, 1004, 1088, 1),
(780, '154', '4', 'GR_4', 1106, 991, 1163, 1048, 0),
(781, '154', '4', 'GR_5', 907, 1211, 992, 1299, 0),
(782, '154', '4', 'GR_6', 1774, 1133, 1846, 1223, 0),
(783, '154', '4', 'GR_7', 1287, 1073, 1345, 1132, 0),
(784, '154', '4', 'GR_8', 1531, 1169, 1604, 1259, 0),
(785, '154', '4', 'GR_9', 1108, 1228, 1194, 1313, 0),
(786, '154', '4', 'GR_10', 1532, 906, 1624, 1037, 0),
(787, '156', '4', 'GR_0', 906, 1211, 993, 1299, 1),
(788, '157', '4', 'GR_0', 906, 1211, 993, 1299, 0),
(789, '157', '4', 'GR_1', 1105, 990, 1164, 1050, 1),
(790, '158', '4', 'GR_0', 907, 1211, 993, 1299, 0),
(791, '158', '4', 'GR_1', 1257, 814, 1326, 869, 1),
(792, '158', '4', 'GR_2', 1105, 990, 1164, 1050, 0),
(793, '159', '4', 'GR_0', 906, 1211, 993, 1299, 0),
(794, '159', '4', 'GR_1', 1806, 734, 1882, 837, 1),
(795, '159', '4', 'GR_2', 1257, 814, 1326, 870, 0),
(796, '159', '4', 'GR_3', 1105, 990, 1164, 1050, 0),
(797, '160', '4', 'GR_0', 1773, 1132, 1846, 1223, 1),
(798, '160', '4', 'GR_1', 907, 1211, 993, 1299, 0),
(799, '160', '4', 'GR_2', 1257, 814, 1325, 869, 0),
(800, '160', '4', 'GR_3', 1806, 734, 1882, 836, 0),
(801, '160', '4', 'GR_4', 1105, 989, 1164, 1050, 0),
(802, '161', '4', 'GR_0', 1257, 814, 1325, 869, 1),
(803, '161', '4', 'GR_1', 907, 1211, 993, 1299, 1),
(804, '161', '4', 'GR_2', 1806, 734, 1882, 837, 1),
(805, '161', '4', 'GR_3', 1774, 1132, 1846, 1223, 1),
(806, '161', '4', 'GR_4', 1531, 907, 1624, 1037, 1),
(807, '161', '4', 'GR_5', 1105, 991, 1163, 1049, 1),
(808, '162', '4', 'GR_0', 1257, 814, 1325, 869, 0),
(809, '162', '4', 'GR_1', 1806, 734, 1882, 837, 0),
(810, '162', '4', 'GR_2', 907, 1211, 993, 1299, 0),
(811, '162', '4', 'GR_3', 1774, 1132, 1846, 1223, 0),
(812, '162', '4', 'GR_4', 1531, 907, 1624, 1037, 0),
(813, '162', '4', 'GR_5', 1286, 1072, 1345, 1133, 1),
(814, '162', '4', 'GR_6', 1105, 991, 1163, 1049, 0),
(815, '163', '4', 'GR_0', 1774, 1132, 1846, 1223, 0),
(816, '163', '4', 'GR_1', 1257, 814, 1324, 869, 0),
(817, '163', '4', 'GR_2', 907, 1211, 993, 1299, 0),
(818, '163', '4', 'GR_3', 1806, 734, 1882, 837, 0),
(819, '163', '4', 'GR_4', 1286, 1072, 1345, 1134, 0),
(820, '163', '4', 'GR_5', 1416, 714, 1476, 763, 1),
(821, '163', '4', 'GR_6', 1531, 909, 1624, 1037, 0),
(822, '163', '4', 'GR_7', 1105, 990, 1163, 1050, 0),
(823, '164', '4', 'GR_0', 907, 1211, 993, 1299, 0),
(824, '164', '4', 'GR_1', 1257, 814, 1324, 868, 0),
(825, '164', '4', 'GR_2', 1806, 734, 1882, 837, 0),
(826, '164', '4', 'GR_3', 1774, 1132, 1846, 1223, 0),
(827, '164', '4', 'GR_4', 1416, 714, 1476, 763, 0),
(828, '164', '4', 'GR_5', 1107, 1228, 1194, 1314, 1),
(829, '164', '4', 'GR_6', 1286, 1072, 1345, 1133, 0),
(830, '164', '4', 'GR_7', 1105, 991, 1163, 1049, 0),
(831, '164', '4', 'GR_8', 1531, 908, 1625, 1037, 0),
(832, '165', '4', 'GR_0', 1258, 815, 1324, 868, 0),
(833, '165', '4', 'GR_1', 907, 1212, 993, 1299, 0),
(834, '165', '4', 'GR_2', 1806, 734, 1882, 837, 0),
(835, '165', '4', 'GR_3', 1417, 715, 1475, 763, 0),
(836, '165', '4', 'GR_4', 1774, 1133, 1846, 1223, 0),
(837, '165', '4', 'GR_5', 1287, 1073, 1345, 1132, 0),
(838, '165', '4', 'GR_6', 1107, 1228, 1194, 1313, 0),
(839, '165', '4', 'GR_7', 1105, 991, 1163, 1049, 0),
(840, '165', '4', 'GR_8', 1532, 1169, 1605, 1259, 1),
(841, '165', '4', 'GR_9', 1532, 906, 1624, 1037, 0),
(842, '166', '4', 'GR_0', 1806, 734, 1881, 837, 0),
(843, '166', '4', 'GR_1', 1258, 815, 1324, 868, 0),
(844, '166', '4', 'GR_2', 1417, 715, 1475, 763, 0),
(845, '166', '4', 'GR_3', 942, 1025, 1004, 1088, 1),
(846, '166', '4', 'GR_4', 1106, 991, 1163, 1048, 0),
(847, '166', '4', 'GR_5', 907, 1211, 992, 1299, 0),
(848, '166', '4', 'GR_6', 1774, 1133, 1846, 1223, 0),
(849, '166', '4', 'GR_7', 1287, 1073, 1345, 1132, 0),
(850, '166', '4', 'GR_8', 1531, 1169, 1604, 1259, 0),
(851, '166', '4', 'GR_9', 1108, 1228, 1194, 1313, 0),
(852, '166', '4', 'GR_10', 1532, 906, 1624, 1037, 0),
(853, '167', '4', 'GR_0', 1257, 814, 1325, 869, 1),
(854, '167', '4', 'GR_1', 907, 1211, 993, 1299, 1),
(855, '167', '4', 'GR_2', 1806, 734, 1882, 837, 1),
(856, '167', '4', 'GR_3', 1774, 1132, 1846, 1223, 1),
(857, '167', '4', 'GR_4', 1531, 907, 1624, 1037, 1),
(858, '167', '4', 'GR_5', 1105, 991, 1163, 1049, 1),
(859, '168', '4', 'GR_0', 1257, 814, 1325, 869, 0),
(860, '168', '4', 'GR_1', 1806, 734, 1882, 837, 0),
(861, '168', '4', 'GR_2', 907, 1211, 993, 1299, 0),
(862, '168', '4', 'GR_3', 1774, 1132, 1846, 1223, 0),
(863, '168', '4', 'GR_4', 1531, 907, 1624, 1037, 0),
(864, '168', '4', 'GR_5', 1286, 1072, 1345, 1133, 1),
(865, '168', '4', 'GR_6', 1105, 991, 1163, 1049, 0),
(866, '169', '4', 'GR_0', 1774, 1132, 1846, 1223, 0),
(867, '169', '4', 'GR_1', 1257, 814, 1324, 869, 0),
(868, '169', '4', 'GR_2', 907, 1211, 993, 1299, 0),
(869, '169', '4', 'GR_3', 1806, 734, 1882, 837, 0),
(870, '169', '4', 'GR_4', 1286, 1072, 1345, 1134, 0),
(871, '169', '4', 'GR_5', 1416, 714, 1476, 763, 1),
(872, '169', '4', 'GR_6', 1531, 909, 1624, 1037, 0),
(873, '169', '4', 'GR_7', 1105, 990, 1163, 1050, 0),
(874, '170', '4', 'GR_0', 907, 1211, 993, 1299, 0),
(875, '170', '4', 'GR_1', 1257, 814, 1324, 868, 0),
(876, '170', '4', 'GR_2', 1806, 734, 1882, 837, 0),
(877, '170', '4', 'GR_3', 1774, 1132, 1846, 1223, 0),
(878, '170', '4', 'GR_4', 1416, 714, 1476, 763, 0),
(879, '170', '4', 'GR_5', 1107, 1228, 1194, 1314, 1),
(880, '170', '4', 'GR_6', 1286, 1072, 1345, 1133, 0),
(881, '170', '4', 'GR_7', 1105, 991, 1163, 1049, 0),
(882, '170', '4', 'GR_8', 1531, 908, 1625, 1037, 0),
(883, '171', '4', 'GR_0', 1258, 815, 1324, 868, 0),
(884, '171', '4', 'GR_1', 907, 1212, 993, 1299, 0),
(885, '171', '4', 'GR_2', 1806, 734, 1882, 837, 0),
(886, '171', '4', 'GR_3', 1417, 715, 1475, 763, 0),
(887, '171', '4', 'GR_4', 1774, 1133, 1846, 1223, 0),
(888, '171', '4', 'GR_5', 1287, 1073, 1345, 1132, 0),
(889, '171', '4', 'GR_6', 1107, 1228, 1194, 1313, 0),
(890, '171', '4', 'GR_7', 1105, 991, 1163, 1049, 0),
(891, '171', '4', 'GR_8', 1532, 1169, 1605, 1259, 1),
(892, '171', '4', 'GR_9', 1532, 906, 1624, 1037, 0),
(893, '172', '4', 'GR_0', 1806, 734, 1881, 837, 0),
(894, '172', '4', 'GR_1', 1258, 815, 1324, 868, 0),
(895, '172', '4', 'GR_2', 1417, 715, 1475, 763, 0),
(896, '172', '4', 'GR_3', 942, 1025, 1004, 1088, 1),
(897, '172', '4', 'GR_4', 1106, 991, 1163, 1048, 0),
(898, '172', '4', 'GR_5', 907, 1211, 992, 1299, 0),
(899, '172', '4', 'GR_6', 1774, 1133, 1846, 1223, 0),
(900, '172', '4', 'GR_7', 1287, 1073, 1345, 1132, 0),
(901, '172', '4', 'GR_8', 1531, 1169, 1604, 1259, 0),
(902, '172', '4', 'GR_9', 1108, 1228, 1194, 1313, 0),
(903, '172', '4', 'GR_10', 1532, 906, 1624, 1037, 0),
(904, '174', '4', 'GR_0', 906, 1211, 993, 1299, 1),
(905, '175', '4', 'GR_0', 906, 1211, 993, 1299, 0),
(906, '175', '4', 'GR_1', 1105, 990, 1164, 1050, 1),
(907, '176', '4', 'GR_0', 907, 1211, 993, 1299, 0),
(908, '176', '4', 'GR_1', 1257, 814, 1326, 869, 1),
(909, '176', '4', 'GR_2', 1105, 990, 1164, 1050, 0),
(910, '177', '4', 'GR_0', 906, 1211, 993, 1299, 0),
(911, '177', '4', 'GR_1', 1806, 734, 1882, 837, 1),
(912, '177', '4', 'GR_2', 1257, 814, 1326, 870, 0),
(913, '177', '4', 'GR_3', 1105, 990, 1164, 1050, 0),
(914, '178', '4', 'GR_0', 1773, 1132, 1846, 1223, 1),
(915, '178', '4', 'GR_1', 907, 1211, 993, 1299, 0),
(916, '178', '4', 'GR_2', 1257, 814, 1325, 869, 0),
(917, '178', '4', 'GR_3', 1806, 734, 1882, 836, 0),
(918, '178', '4', 'GR_4', 1105, 989, 1164, 1050, 0),
(919, '179', '2', 'W_0', 1461, 1156, 1545, 1240, 1),
(920, '179', '2', 'W_1', 909, 1213, 991, 1297, 0),
(921, '179', '2', 'W_2', 1107, 994, 1169, 1094, 1),
(922, '180', '2', 'W_0', 909, 1214, 991, 1297, NULL),
(923, '181', '2', 'W_0', 1461, 1156, 1545, 1240, 1),
(924, '181', '2', 'W_1', 909, 1213, 991, 1297, 1),
(925, '181', '2', 'W_2', 1107, 994, 1169, 1094, 1),
(926, '182', '2', 'W_0', 1461, 1156, 1545, 1239, 0),
(927, '182', '2', 'W_1', 1792, 826, 1871, 915, 1),
(928, '182', '2', 'W_2', 1438, 665, 1505, 771, 1),
(929, '182', '2', 'W_3', 1107, 996, 1169, 1095, 0),
(930, '182', '2', 'W_4', 909, 1213, 991, 1297, 0),
(931, '183', '2', 'W_0', 1461, 1156, 1545, 1240, 0),
(932, '183', '2', 'W_1', 909, 1213, 991, 1297, 0),
(933, '183', '2', 'W_2', 1107, 994, 1169, 1094, 0),
(934, '184', '2', 'W_0', 1461, 1156, 1545, 1240, 1),
(935, '184', '2', 'W_1', 909, 1213, 991, 1297, 1),
(936, '184', '2', 'W_2', 1107, 994, 1169, 1094, 1),
(937, '185', '2', 'W_0', 1461, 1156, 1545, 1239, 0),
(938, '185', '2', 'W_1', 1792, 826, 1871, 915, 1),
(939, '185', '2', 'W_2', 1438, 665, 1505, 771, 1),
(940, '185', '2', 'W_3', 1107, 996, 1169, 1095, 0),
(941, '185', '2', 'W_4', 909, 1213, 991, 1297, 0),
(942, '186', '2', 'W_0', 1461, 1156, 1545, 1239, 0),
(943, '186', '2', 'W_1', 1792, 826, 1871, 915, 0),
(944, '186', '2', 'W_2', 1438, 665, 1505, 771, 0),
(945, '186', '2', 'W_3', 1107, 996, 1169, 1095, 0),
(946, '186', '2', 'W_4', 909, 1213, 991, 1297, 0),
(947, '187', '2', 'W_0', 1461, 1156, 1545, 1239, 0),
(948, '187', '2', 'W_1', 1792, 826, 1871, 915, 0),
(949, '187', '2', 'W_2', 1438, 665, 1505, 771, 0),
(950, '187', '2', 'W_3', 1107, 996, 1169, 1095, 0),
(951, '187', '2', 'W_4', 909, 1213, 991, 1297, 0),
(952, '188', '3', 'WH_0', 701, 909, 777, 989, 1),
(953, '188', '3', 'WH_1', 908, 1213, 991, 1298, 0),
(954, '188', '3', 'WH_2', 944, 587, 1034, 703, 1),
(955, '188', '3', 'WH_3', 1460, 1155, 1545, 1240, 0),
(956, '188', '3', 'WH_4', 1106, 995, 1171, 1098, 0),
(957, '188', '3', 'WH_5', 1437, 663, 1506, 770, 0),
(958, '188', '3', 'WH_6', 1701, 778, 1857, 928, 1),
(959, '188', '3', 'WH_7', 1252, 1370, 1338, 1449, 1),
(960, '188', '3', 'WH_8', 1971, 1098, 2052, 1182, 1),
(961, '189', '2', 'W_0', 1461, 1156, 1545, 1239, 0),
(962, '189', '2', 'W_1', 1792, 826, 1871, 915, 0),
(963, '189', '2', 'W_2', 1438, 665, 1505, 771, 0),
(964, '189', '2', 'W_3', 1107, 996, 1169, 1095, 0),
(965, '189', '2', 'W_4', 909, 1213, 991, 1297, 0),
(966, '190', '2', 'W_0', 1461, 1156, 1545, 1239, 1),
(967, '190', '2', 'W_1', 1792, 826, 1871, 915, 1),
(968, '190', '2', 'W_2', 1438, 665, 1505, 771, 1),
(969, '190', '2', 'W_3', 1107, 996, 1169, 1095, 1),
(970, '190', '2', 'W_4', 909, 1213, 991, 1297, 1);

-- --------------------------------------------------------

--
-- 資料表結構 `user`
--

CREATE TABLE `user` (
  `id` int(255) NOT NULL,
  `user_line` varchar(255) NOT NULL,
  `device_id` varchar(255) DEFAULT NULL
) ENGINE=InnoDB DEFAULT CHARSET=latin1 COLLATE=latin1_swedish_ci;

--
-- 傾印資料表的資料 `user`
--

INSERT INTO `user` (`id`, `user_line`, `device_id`) VALUES
(5, 'U201f6f1df6d28b73aab28c10cca83ed6', 'A30'),
(6, 'U201f6f1df6d28b73aab28c10cca83ed6', 'A29'),
(9, 'U201f6f1df6d28b73aab28c10cca83ed6', 'A2'),
(10, 'U2a0eeb00e78c10576380050767586586', 'A2'),
(11, 'U201f6f1df6d28b73aab28c10cca83ed6', 'A4'),
(12, 'U201f6f1df6d28b73aab28c10cca83ed6', 'A1'),
(13, 'U201f6f1df6d28b73aab28c10cca83ed6', 'A5'),
(14, 'U201f6f1df6d28b73aab28c10cca83ed6', 'A6');

--
-- 已傾印資料表的索引
--

--
-- 資料表索引 `device`
--
ALTER TABLE `device`
  ADD PRIMARY KEY (`device_id`);

--
-- 資料表索引 `mosquito`
--
ALTER TABLE `mosquito`
  ADD PRIMARY KEY (`mosquito_id`);

--
-- 資料表索引 `photo`
--
ALTER TABLE `photo`
  ADD PRIMARY KEY (`photo_id`),
  ADD KEY `device_id` (`device_id`);

--
-- 資料表索引 `refresh`
--
ALTER TABLE `refresh`
  ADD PRIMARY KEY (`device_id`,`refresh_time`);

--
-- 資料表索引 `seg_photo`
--
ALTER TABLE `seg_photo`
  ADD PRIMARY KEY (`SP_id`),
  ADD KEY `photo_id` (`photo_id`),
  ADD KEY `mosquito_id` (`mosquito_id`);

--
-- 資料表索引 `user`
--
ALTER TABLE `user`
  ADD PRIMARY KEY (`id`),
  ADD KEY `device_id` (`device_id`);

--
-- 在傾印的資料表使用自動遞增(AUTO_INCREMENT)
--

--
-- 使用資料表自動遞增(AUTO_INCREMENT) `user`
--
ALTER TABLE `user`
  MODIFY `id` int(255) NOT NULL AUTO_INCREMENT, AUTO_INCREMENT=15;

--
-- 已傾印資料表的限制式
--

--
-- 資料表的限制式 `photo`
--
ALTER TABLE `photo`
  ADD CONSTRAINT `photo_ibfk_1` FOREIGN KEY (`device_id`) REFERENCES `device` (`device_id`);

--
-- 資料表的限制式 `refresh`
--
ALTER TABLE `refresh`
  ADD CONSTRAINT `refresh_ibfk_1` FOREIGN KEY (`device_id`) REFERENCES `device` (`device_id`);

--
-- 資料表的限制式 `seg_photo`
--
ALTER TABLE `seg_photo`
  ADD CONSTRAINT `seg_photo_ibfk_1` FOREIGN KEY (`photo_id`) REFERENCES `photo` (`photo_id`),
  ADD CONSTRAINT `seg_photo_ibfk_2` FOREIGN KEY (`mosquito_id`) REFERENCES `mosquito` (`mosquito_id`);

--
-- 資料表的限制式 `user`
--
ALTER TABLE `user`
  ADD CONSTRAINT `user_ibfk_1` FOREIGN KEY (`device_id`) REFERENCES `device` (`device_id`);
COMMIT;

/*!40101 SET CHARACTER_SET_CLIENT=@OLD_CHARACTER_SET_CLIENT */;
/*!40101 SET CHARACTER_SET_RESULTS=@OLD_CHARACTER_SET_RESULTS */;
/*!40101 SET COLLATION_CONNECTION=@OLD_COLLATION_CONNECTION */;
